候補_3桁,予測番号,番号,百,十,一,joint_prob,expected_payout,price,EV_gross,EV_net,feature_set,model_name
190,190,190,1,9,0,0.0033625234214126206,302.62710792713585,200.0,302.62710792713585,102.62710792713585,V5_joint,CalibratedJoint
693,693,693,6,9,3,0.0027163573541540416,244.47216187386374,200.0,244.47216187386374,44.47216187386374,V5_joint,CalibratedJoint
637,637,637,6,3,7,0.002465740766390613,221.91666897515518,200.0,221.91666897515518,21.916668975155176,V5_joint,CalibratedJoint
804,804,804,8,0,4,0.0024652726798882504,221.87454118994253,200.0,221.87454118994253,21.874541189942533,V5_joint,CalibratedJoint
490,490,490,4,9,0,0.002462648807405153,221.63839266646377,200.0,221.63839266646377,21.638392666463773,V5_joint,CalibratedJoint
072,72,72,0,7,2,0.002455583990279766,221.00255912517895,200.0,221.00255912517895,21.002559125178948,V5_joint,CalibratedJoint
518,518,518,5,1,8,0.002440396567098048,219.6356910388243,200.0,219.6356910388243,19.63569103882429,V5_joint,CalibratedJoint
621,621,621,6,2,1,0.0024264764864948864,218.38288378453979,200.0,218.38288378453979,18.382883784539786,V5_joint,CalibratedJoint
461,461,461,4,6,1,0.002425492819290662,218.29435373615956,200.0,218.29435373615956,18.294353736159565,V5_joint,CalibratedJoint
601,601,601,6,0,1,0.0024117890562590305,217.06101506331274,200.0,217.06101506331274,17.061015063312738,V5_joint,CalibratedJoint
185,185,185,1,8,5,0.0024077620620097753,216.69858558087978,200.0,216.69858558087978,16.69858558087978,V5_joint,CalibratedJoint
090,90,90,0,9,0,0.0023998425570262044,215.9858301323584,200.0,215.9858301323584,15.985830132358387,V5_joint,CalibratedJoint
086,86,86,0,8,6,0.0023942751745663782,215.48476571097405,200.0,215.48476571097405,15.484765710974045,V5_joint,CalibratedJoint
394,394,394,3,9,4,0.002390830206592857,215.17471859335714,200.0,215.17471859335714,15.174718593357142,V5_joint,CalibratedJoint
849,849,849,8,4,9,0.0023618385725134986,212.56547152621488,200.0,212.56547152621488,12.565471526214878,V5_joint,CalibratedJoint
275,275,275,2,7,5,0.002357785594353564,212.20070349182078,200.0,212.20070349182078,12.200703491820775,V5_joint,CalibratedJoint
491,491,491,4,9,1,0.002257354734539221,203.1619261085299,200.0,203.1619261085299,3.1619261085299115,V5_joint,CalibratedJoint
279,279,279,2,7,9,0.0022478890293358483,202.31001264022635,200.0,202.31001264022635,2.310012640226347,V5_joint,CalibratedJoint
194,194,194,1,9,4,0.0022465108590907943,202.1859773181715,200.0,202.1859773181715,2.1859773181714957,V5_joint,CalibratedJoint
439,439,439,4,3,9,0.002210629444557386,198.95665001016474,200.0,198.95665001016474,-1.0433499898352636,V5_joint,CalibratedJoint
404,404,404,4,0,4,0.00216337594156385,194.7038347407465,200.0,194.7038347407465,-5.296165259253513,V5_joint,CalibratedJoint
320,320,320,3,2,0,0.0021515909443226753,193.64318498904078,200.0,193.64318498904078,-6.356815010959224,V5_joint,CalibratedJoint
805,805,805,8,0,5,0.0021494639625049797,193.45175662544818,200.0,193.45175662544818,-6.5482433745518165,V5_joint,CalibratedJoint
139,139,139,1,3,9,0.0020945156656419685,188.50640990777717,200.0,188.50640990777717,-11.493590092222831,V5_joint,CalibratedJoint
799,799,799,7,9,9,0.002090640308207912,188.15762773871205,200.0,188.15762773871205,-11.842372261287949,V5_joint,CalibratedJoint
936,936,936,9,3,6,0.0020843337319711138,187.59003587740023,200.0,187.59003587740023,-12.409964122599774,V5_joint,CalibratedJoint
207,207,207,2,0,7,0.0020830512155491808,187.47460939942627,200.0,187.47460939942627,-12.52539060057373,V5_joint,CalibratedJoint
502,502,502,5,0,2,0.002079377185631277,187.14394670681494,200.0,187.14394670681494,-12.856053293185056,V5_joint,CalibratedJoint
708,708,708,7,0,8,0.002039720256830322,183.57482311472896,200.0,183.57482311472896,-16.425176885271043,V5_joint,CalibratedJoint
036,36,36,0,3,6,0.0020128097271656614,181.15287544490954,200.0,181.15287544490954,-18.84712455509046,V5_joint,CalibratedJoint
482,482,482,4,8,2,0.0019789546998939915,178.10592299045925,200.0,178.10592299045925,-21.89407700954075,V5_joint,CalibratedJoint
364,364,364,3,6,4,0.001954339544362646,175.89055899263812,200.0,175.89055899263812,-24.10944100736188,V5_joint,CalibratedJoint
630,630,630,6,3,0,0.0019372566792025924,174.3531011282333,200.0,174.3531011282333,-25.646898871766695,V5_joint,CalibratedJoint
099,99,99,0,9,9,0.0019160589773160423,172.4453079584438,200.0,172.4453079584438,-27.554692041556194,V5_joint,CalibratedJoint
374,374,374,3,7,4,0.0018993292916936093,170.93963625242483,200.0,170.93963625242483,-29.060363747575167,V5_joint,CalibratedJoint
588,588,588,5,8,8,0.0018589647465682882,167.30682719114594,200.0,167.30682719114594,-32.69317280885406,V5_joint,CalibratedJoint
427,427,427,4,2,7,0.0018318953364572946,164.87058028115652,200.0,164.87058028115652,-35.12941971884348,V5_joint,CalibratedJoint
978,978,978,9,7,8,0.001787454773100218,160.87092957901962,200.0,160.87092957901962,-39.12907042098038,V5_joint,CalibratedJoint
168,168,168,1,6,8,0.0016855325284287487,151.6979275585874,200.0,151.6979275585874,-48.302072441412605,V5_joint,CalibratedJoint
680,680,680,6,8,0,0.0016707536868570648,150.36783181713582,200.0,150.36783181713582,-49.63216818286418,V5_joint,CalibratedJoint
020,20,20,0,2,0,0.0016630829587783883,149.67746629005495,200.0,149.67746629005495,-50.32253370994505,V5_joint,CalibratedJoint
638,638,638,6,3,8,0.0016525480849361519,148.72932764425366,200.0,148.72932764425366,-51.27067235574634,V5_joint,CalibratedJoint
614,614,614,6,1,4,0.0016157617155156258,145.4185543964063,200.0,145.4185543964063,-54.58144560359369,V5_joint,CalibratedJoint
052,52,52,0,5,2,0.0016139948629605861,145.25953766645276,200.0,145.25953766645276,-54.74046233354724,V5_joint,CalibratedJoint
856,856,856,8,5,6,0.0016115537608311272,145.03983847480146,200.0,145.03983847480146,-54.960161525198544,V5_joint,CalibratedJoint
422,422,422,4,2,2,0.001611496673502971,145.0347006152674,200.0,145.0347006152674,-54.96529938473259,V5_joint,CalibratedJoint
337,337,337,3,3,7,0.0015978000844402793,143.80200759962514,200.0,143.80200759962514,-56.19799240037486,V5_joint,CalibratedJoint
033,33,33,0,3,3,0.001589446627701045,143.05019649309406,200.0,143.05019649309406,-56.94980350690594,V5_joint,CalibratedJoint
543,543,543,5,4,3,0.0015774456113890176,141.97010502501158,200.0,141.97010502501158,-58.02989497498842,V5_joint,CalibratedJoint
313,313,313,3,1,3,0.0015426071014996757,138.83463913497081,200.0,138.83463913497081,-61.165360865029186,V5_joint,CalibratedJoint
128,128,128,1,2,8,0.001535524934207638,138.19724407868742,200.0,138.19724407868742,-61.80275592131258,V5_joint,CalibratedJoint
224,224,224,2,2,4,0.0015345653369481333,138.110880325332,200.0,138.110880325332,-61.889119674667995,V5_joint,CalibratedJoint
187,187,187,1,8,7,0.001522202975023699,136.9982677521329,200.0,136.9982677521329,-63.001732247867096,V5_joint,CalibratedJoint
218,218,218,2,1,8,0.0015024114018512547,135.21702616661292,200.0,135.21702616661292,-64.78297383338708,V5_joint,CalibratedJoint
209,209,209,2,0,9,0.001470760669734732,132.3684602761259,200.0,132.3684602761259,-67.63153972387411,V5_joint,CalibratedJoint
729,729,729,7,2,9,0.0014688710873163855,132.1983978584747,200.0,132.1983978584747,-67.80160214152531,V5_joint,CalibratedJoint
963,963,963,9,6,3,0.0014601068752318105,131.40961877086295,200.0,131.40961877086295,-68.59038122913705,V5_joint,CalibratedJoint
028,28,28,0,2,8,0.0014601068752318105,131.40961877086295,200.0,131.40961877086295,-68.59038122913705,V5_joint,CalibratedJoint
031,31,31,0,3,1,0.0014601068752318105,131.40961877086295,200.0,131.40961877086295,-68.59038122913705,V5_joint,CalibratedJoint
950,950,950,9,5,0,0.0014601068752318105,131.40961877086295,200.0,131.40961877086295,-68.59038122913705,V5_joint,CalibratedJoint
022,22,22,0,2,2,0.0014601068752318105,131.40961877086295,200.0,131.40961877086295,-68.59038122913705,V5_joint,CalibratedJoint
021,21,21,0,2,1,0.0014601068752318105,131.40961877086295,200.0,131.40961877086295,-68.59038122913705,V5_joint,CalibratedJoint
032,32,32,0,3,2,0.0014601068752318105,131.40961877086295,200.0,131.40961877086295,-68.59038122913705,V5_joint,CalibratedJoint
986,986,986,9,8,6,0.0014601068752318105,131.40961877086295,200.0,131.40961877086295,-68.59038122913705,V5_joint,CalibratedJoint
994,994,994,9,9,4,0.0014601068752318105,131.40961877086295,200.0,131.40961877086295,-68.59038122913705,V5_joint,CalibratedJoint
991,991,991,9,9,1,0.0014601068752318105,131.40961877086295,200.0,131.40961877086295,-68.59038122913705,V5_joint,CalibratedJoint
002,2,2,0,0,2,0.0014601068752318105,131.40961877086295,200.0,131.40961877086295,-68.59038122913705,V5_joint,CalibratedJoint
003,3,3,0,0,3,0.0014601068752318105,131.40961877086295,200.0,131.40961877086295,-68.59038122913705,V5_joint,CalibratedJoint
006,6,6,0,0,6,0.0014601068752318105,131.40961877086295,200.0,131.40961877086295,-68.59038122913705,V5_joint,CalibratedJoint
007,7,7,0,0,7,0.0014601068752318105,131.40961877086295,200.0,131.40961877086295,-68.59038122913705,V5_joint,CalibratedJoint
008,8,8,0,0,8,0.0014601068752318105,131.40961877086295,200.0,131.40961877086295,-68.59038122913705,V5_joint,CalibratedJoint
009,9,9,0,0,9,0.0014601068752318105,131.40961877086295,200.0,131.40961877086295,-68.59038122913705,V5_joint,CalibratedJoint
013,13,13,0,1,3,0.0014601068752318105,131.40961877086295,200.0,131.40961877086295,-68.59038122913705,V5_joint,CalibratedJoint
014,14,14,0,1,4,0.0014601068752318105,131.40961877086295,200.0,131.40961877086295,-68.59038122913705,V5_joint,CalibratedJoint
016,16,16,0,1,6,0.0014601068752318105,131.40961877086295,200.0,131.40961877086295,-68.59038122913705,V5_joint,CalibratedJoint
017,17,17,0,1,7,0.0014601068752318105,131.40961877086295,200.0,131.40961877086295,-68.59038122913705,V5_joint,CalibratedJoint
018,18,18,0,1,8,0.0014601068752318105,131.40961877086295,200.0,131.40961877086295,-68.59038122913705,V5_joint,CalibratedJoint
019,19,19,0,1,9,0.0014601068752318105,131.40961877086295,200.0,131.40961877086295,-68.59038122913705,V5_joint,CalibratedJoint
030,30,30,0,3,0,0.0014601068752318105,131.40961877086295,200.0,131.40961877086295,-68.59038122913705,V5_joint,CalibratedJoint
998,998,998,9,9,8,0.0014601068752318105,131.40961877086295,200.0,131.40961877086295,-68.59038122913705,V5_joint,CalibratedJoint
916,916,916,9,1,6,0.0014601068752318105,131.40961877086295,200.0,131.40961877086295,-68.59038122913705,V5_joint,CalibratedJoint
917,917,917,9,1,7,0.0014601068752318105,131.40961877086295,200.0,131.40961877086295,-68.59038122913705,V5_joint,CalibratedJoint
919,919,919,9,1,9,0.0014601068752318105,131.40961877086295,200.0,131.40961877086295,-68.59038122913705,V5_joint,CalibratedJoint
866,866,866,8,6,6,0.0014601068752318105,131.40961877086295,200.0,131.40961877086295,-68.59038122913705,V5_joint,CalibratedJoint
871,871,871,8,7,1,0.0014601068752318105,131.40961877086295,200.0,131.40961877086295,-68.59038122913705,V5_joint,CalibratedJoint
872,872,872,8,7,2,0.0014601068752318105,131.40961877086295,200.0,131.40961877086295,-68.59038122913705,V5_joint,CalibratedJoint
873,873,873,8,7,3,0.0014601068752318105,131.40961877086295,200.0,131.40961877086295,-68.59038122913705,V5_joint,CalibratedJoint
876,876,876,8,7,6,0.0014601068752318105,131.40961877086295,200.0,131.40961877086295,-68.59038122913705,V5_joint,CalibratedJoint
877,877,877,8,7,7,0.0014601068752318105,131.40961877086295,200.0,131.40961877086295,-68.59038122913705,V5_joint,CalibratedJoint
879,879,879,8,7,9,0.0014601068752318105,131.40961877086295,200.0,131.40961877086295,-68.59038122913705,V5_joint,CalibratedJoint
880,880,880,8,8,0,0.0014601068752318105,131.40961877086295,200.0,131.40961877086295,-68.59038122913705,V5_joint,CalibratedJoint
881,881,881,8,8,1,0.0014601068752318105,131.40961877086295,200.0,131.40961877086295,-68.59038122913705,V5_joint,CalibratedJoint
882,882,882,8,8,2,0.0014601068752318105,131.40961877086295,200.0,131.40961877086295,-68.59038122913705,V5_joint,CalibratedJoint
884,884,884,8,8,4,0.0014601068752318105,131.40961877086295,200.0,131.40961877086295,-68.59038122913705,V5_joint,CalibratedJoint
888,888,888,8,8,8,0.0014601068752318105,131.40961877086295,200.0,131.40961877086295,-68.59038122913705,V5_joint,CalibratedJoint
890,890,890,8,9,0,0.0014601068752318105,131.40961877086295,200.0,131.40961877086295,-68.59038122913705,V5_joint,CalibratedJoint
892,892,892,8,9,2,0.0014601068752318105,131.40961877086295,200.0,131.40961877086295,-68.59038122913705,V5_joint,CalibratedJoint
893,893,893,8,9,3,0.0014601068752318105,131.40961877086295,200.0,131.40961877086295,-68.59038122913705,V5_joint,CalibratedJoint
844,844,844,8,4,4,0.0014601068752318105,131.40961877086295,200.0,131.40961877086295,-68.59038122913705,V5_joint,CalibratedJoint
846,846,846,8,4,6,0.0014601068752318105,131.40961877086295,200.0,131.40961877086295,-68.59038122913705,V5_joint,CalibratedJoint
847,847,847,8,4,7,0.0014601068752318105,131.40961877086295,200.0,131.40961877086295,-68.59038122913705,V5_joint,CalibratedJoint
850,850,850,8,5,0,0.0014601068752318105,131.40961877086295,200.0,131.40961877086295,-68.59038122913705,V5_joint,CalibratedJoint
853,853,853,8,5,3,0.0014601068752318105,131.40961877086295,200.0,131.40961877086295,-68.59038122913705,V5_joint,CalibratedJoint
855,855,855,8,5,5,0.0014601068752318105,131.40961877086295,200.0,131.40961877086295,-68.59038122913705,V5_joint,CalibratedJoint
857,857,857,8,5,7,0.0014601068752318105,131.40961877086295,200.0,131.40961877086295,-68.59038122913705,V5_joint,CalibratedJoint
858,858,858,8,5,8,0.0014601068752318105,131.40961877086295,200.0,131.40961877086295,-68.59038122913705,V5_joint,CalibratedJoint
859,859,859,8,5,9,0.0014601068752318105,131.40961877086295,200.0,131.40961877086295,-68.59038122913705,V5_joint,CalibratedJoint
860,860,860,8,6,0,0.0014601068752318105,131.40961877086295,200.0,131.40961877086295,-68.59038122913705,V5_joint,CalibratedJoint
862,862,862,8,6,2,0.0014601068752318105,131.40961877086295,200.0,131.40961877086295,-68.59038122913705,V5_joint,CalibratedJoint
863,863,863,8,6,3,0.0014601068752318105,131.40961877086295,200.0,131.40961877086295,-68.59038122913705,V5_joint,CalibratedJoint
864,864,864,8,6,4,0.0014601068752318105,131.40961877086295,200.0,131.40961877086295,-68.59038122913705,V5_joint,CalibratedJoint
814,814,814,8,1,4,0.0014601068752318105,131.40961877086295,200.0,131.40961877086295,-68.59038122913705,V5_joint,CalibratedJoint
818,818,818,8,1,8,0.0014601068752318105,131.40961877086295,200.0,131.40961877086295,-68.59038122913705,V5_joint,CalibratedJoint
823,823,823,8,2,3,0.0014601068752318105,131.40961877086295,200.0,131.40961877086295,-68.59038122913705,V5_joint,CalibratedJoint
824,824,824,8,2,4,0.0014601068752318105,131.40961877086295,200.0,131.40961877086295,-68.59038122913705,V5_joint,CalibratedJoint
828,828,828,8,2,8,0.0014601068752318105,131.40961877086295,200.0,131.40961877086295,-68.59038122913705,V5_joint,CalibratedJoint
830,830,830,8,3,0,0.0014601068752318105,131.40961877086295,200.0,131.40961877086295,-68.59038122913705,V5_joint,CalibratedJoint
831,831,831,8,3,1,0.0014601068752318105,131.40961877086295,200.0,131.40961877086295,-68.59038122913705,V5_joint,CalibratedJoint
833,833,833,8,3,3,0.0014601068752318105,131.40961877086295,200.0,131.40961877086295,-68.59038122913705,V5_joint,CalibratedJoint
834,834,834,8,3,4,0.0014601068752318105,131.40961877086295,200.0,131.40961877086295,-68.59038122913705,V5_joint,CalibratedJoint
835,835,835,8,3,5,0.0014601068752318105,131.40961877086295,200.0,131.40961877086295,-68.59038122913705,V5_joint,CalibratedJoint
836,836,836,8,3,6,0.0014601068752318105,131.40961877086295,200.0,131.40961877086295,-68.59038122913705,V5_joint,CalibratedJoint
839,839,839,8,3,9,0.0014601068752318105,131.40961877086295,200.0,131.40961877086295,-68.59038122913705,V5_joint,CalibratedJoint
840,840,840,8,4,0,0.0014601068752318105,131.40961877086295,200.0,131.40961877086295,-68.59038122913705,V5_joint,CalibratedJoint
841,841,841,8,4,1,0.0014601068752318105,131.40961877086295,200.0,131.40961877086295,-68.59038122913705,V5_joint,CalibratedJoint
842,842,842,8,4,2,0.0014601068752318105,131.40961877086295,200.0,131.40961877086295,-68.59038122913705,V5_joint,CalibratedJoint
795,795,795,7,9,5,0.0014601068752318105,131.40961877086295,200.0,131.40961877086295,-68.59038122913705,V5_joint,CalibratedJoint
798,798,798,7,9,8,0.0014601068752318105,131.40961877086295,200.0,131.40961877086295,-68.59038122913705,V5_joint,CalibratedJoint
802,802,802,8,0,2,0.0014601068752318105,131.40961877086295,200.0,131.40961877086295,-68.59038122913705,V5_joint,CalibratedJoint
803,803,803,8,0,3,0.0014601068752318105,131.40961877086295,200.0,131.40961877086295,-68.59038122913705,V5_joint,CalibratedJoint
807,807,807,8,0,7,0.0014601068752318105,131.40961877086295,200.0,131.40961877086295,-68.59038122913705,V5_joint,CalibratedJoint
809,809,809,8,0,9,0.0014601068752318105,131.40961877086295,200.0,131.40961877086295,-68.59038122913705,V5_joint,CalibratedJoint
810,810,810,8,1,0,0.0014601068752318105,131.40961877086295,200.0,131.40961877086295,-68.59038122913705,V5_joint,CalibratedJoint
811,811,811,8,1,1,0.0014601068752318105,131.40961877086295,200.0,131.40961877086295,-68.59038122913705,V5_joint,CalibratedJoint
763,763,763,7,6,3,0.0014601068752318105,131.40961877086295,200.0,131.40961877086295,-68.59038122913705,V5_joint,CalibratedJoint
764,764,764,7,6,4,0.0014601068752318105,131.40961877086295,200.0,131.40961877086295,-68.59038122913705,V5_joint,CalibratedJoint
767,767,767,7,6,7,0.0014601068752318105,131.40961877086295,200.0,131.40961877086295,-68.59038122913705,V5_joint,CalibratedJoint
768,768,768,7,6,8,0.0014601068752318105,131.40961877086295,200.0,131.40961877086295,-68.59038122913705,V5_joint,CalibratedJoint
771,771,771,7,7,1,0.0014601068752318105,131.40961877086295,200.0,131.40961877086295,-68.59038122913705,V5_joint,CalibratedJoint
772,772,772,7,7,2,0.0014601068752318105,131.40961877086295,200.0,131.40961877086295,-68.59038122913705,V5_joint,CalibratedJoint
780,780,780,7,8,0,0.0014601068752318105,131.40961877086295,200.0,131.40961877086295,-68.59038122913705,V5_joint,CalibratedJoint
781,781,781,7,8,1,0.0014601068752318105,131.40961877086295,200.0,131.40961877086295,-68.59038122913705,V5_joint,CalibratedJoint
782,782,782,7,8,2,0.0014601068752318105,131.40961877086295,200.0,131.40961877086295,-68.59038122913705,V5_joint,CalibratedJoint
783,783,783,7,8,3,0.0014601068752318105,131.40961877086295,200.0,131.40961877086295,-68.59038122913705,V5_joint,CalibratedJoint
785,785,785,7,8,5,0.0014601068752318105,131.40961877086295,200.0,131.40961877086295,-68.59038122913705,V5_joint,CalibratedJoint
788,788,788,7,8,8,0.0014601068752318105,131.40961877086295,200.0,131.40961877086295,-68.59038122913705,V5_joint,CalibratedJoint
790,790,790,7,9,0,0.0014601068752318105,131.40961877086295,200.0,131.40961877086295,-68.59038122913705,V5_joint,CalibratedJoint
791,791,791,7,9,1,0.0014601068752318105,131.40961877086295,200.0,131.40961877086295,-68.59038122913705,V5_joint,CalibratedJoint
047,47,47,0,4,7,0.0014601068752318105,131.40961877086295,200.0,131.40961877086295,-68.59038122913705,V5_joint,CalibratedJoint
048,48,48,0,4,8,0.0014601068752318105,131.40961877086295,200.0,131.40961877086295,-68.59038122913705,V5_joint,CalibratedJoint
050,50,50,0,5,0,0.0014601068752318105,131.40961877086295,200.0,131.40961877086295,-68.59038122913705,V5_joint,CalibratedJoint
051,51,51,0,5,1,0.0014601068752318105,131.40961877086295,200.0,131.40961877086295,-68.59038122913705,V5_joint,CalibratedJoint
053,53,53,0,5,3,0.0014601068752318105,131.40961877086295,200.0,131.40961877086295,-68.59038122913705,V5_joint,CalibratedJoint
054,54,54,0,5,4,0.0014601068752318105,131.40961877086295,200.0,131.40961877086295,-68.59038122913705,V5_joint,CalibratedJoint
059,59,59,0,5,9,0.0014601068752318105,131.40961877086295,200.0,131.40961877086295,-68.59038122913705,V5_joint,CalibratedJoint
060,60,60,0,6,0,0.0014601068752318105,131.40961877086295,200.0,131.40961877086295,-68.59038122913705,V5_joint,CalibratedJoint
063,63,63,0,6,3,0.0014601068752318105,131.40961877086295,200.0,131.40961877086295,-68.59038122913705,V5_joint,CalibratedJoint
065,65,65,0,6,5,0.0014601068752318105,131.40961877086295,200.0,131.40961877086295,-68.59038122913705,V5_joint,CalibratedJoint
067,67,67,0,6,7,0.0014601068752318105,131.40961877086295,200.0,131.40961877086295,-68.59038122913705,V5_joint,CalibratedJoint
068,68,68,0,6,8,0.0014601068752318105,131.40961877086295,200.0,131.40961877086295,-68.59038122913705,V5_joint,CalibratedJoint
744,744,744,7,4,4,0.0014601068752318105,131.40961877086295,200.0,131.40961877086295,-68.59038122913705,V5_joint,CalibratedJoint
745,745,745,7,4,5,0.0014601068752318105,131.40961877086295,200.0,131.40961877086295,-68.59038122913705,V5_joint,CalibratedJoint
746,746,746,7,4,6,0.0014601068752318105,131.40961877086295,200.0,131.40961877086295,-68.59038122913705,V5_joint,CalibratedJoint
747,747,747,7,4,7,0.0014601068752318105,131.40961877086295,200.0,131.40961877086295,-68.59038122913705,V5_joint,CalibratedJoint
748,748,748,7,4,8,0.0014601068752318105,131.40961877086295,200.0,131.40961877086295,-68.59038122913705,V5_joint,CalibratedJoint
750,750,750,7,5,0,0.0014601068752318105,131.40961877086295,200.0,131.40961877086295,-68.59038122913705,V5_joint,CalibratedJoint
751,751,751,7,5,1,0.0014601068752318105,131.40961877086295,200.0,131.40961877086295,-68.59038122913705,V5_joint,CalibratedJoint
753,753,753,7,5,3,0.0014601068752318105,131.40961877086295,200.0,131.40961877086295,-68.59038122913705,V5_joint,CalibratedJoint
754,754,754,7,5,4,0.0014601068752318105,131.40961877086295,200.0,131.40961877086295,-68.59038122913705,V5_joint,CalibratedJoint
755,755,755,7,5,5,0.0014601068752318105,131.40961877086295,200.0,131.40961877086295,-68.59038122913705,V5_joint,CalibratedJoint
758,758,758,7,5,8,0.0014601068752318105,131.40961877086295,200.0,131.40961877086295,-68.59038122913705,V5_joint,CalibratedJoint
759,759,759,7,5,9,0.0014601068752318105,131.40961877086295,200.0,131.40961877086295,-68.59038122913705,V5_joint,CalibratedJoint
760,760,760,7,6,0,0.0014601068752318105,131.40961877086295,200.0,131.40961877086295,-68.59038122913705,V5_joint,CalibratedJoint
761,761,761,7,6,1,0.0014601068752318105,131.40961877086295,200.0,131.40961877086295,-68.59038122913705,V5_joint,CalibratedJoint
762,762,762,7,6,2,0.0014601068752318105,131.40961877086295,200.0,131.40961877086295,-68.59038122913705,V5_joint,CalibratedJoint
723,723,723,7,2,3,0.0014601068752318105,131.40961877086295,200.0,131.40961877086295,-68.59038122913705,V5_joint,CalibratedJoint
724,724,724,7,2,4,0.0014601068752318105,131.40961877086295,200.0,131.40961877086295,-68.59038122913705,V5_joint,CalibratedJoint
727,727,727,7,2,7,0.0014601068752318105,131.40961877086295,200.0,131.40961877086295,-68.59038122913705,V5_joint,CalibratedJoint
728,728,728,7,2,8,0.0014601068752318105,131.40961877086295,200.0,131.40961877086295,-68.59038122913705,V5_joint,CalibratedJoint
731,731,731,7,3,1,0.0014601068752318105,131.40961877086295,200.0,131.40961877086295,-68.59038122913705,V5_joint,CalibratedJoint
732,732,732,7,3,2,0.0014601068752318105,131.40961877086295,200.0,131.40961877086295,-68.59038122913705,V5_joint,CalibratedJoint
733,733,733,7,3,3,0.0014601068752318105,131.40961877086295,200.0,131.40961877086295,-68.59038122913705,V5_joint,CalibratedJoint
734,734,734,7,3,4,0.0014601068752318105,131.40961877086295,200.0,131.40961877086295,-68.59038122913705,V5_joint,CalibratedJoint
735,735,735,7,3,5,0.0014601068752318105,131.40961877086295,200.0,131.40961877086295,-68.59038122913705,V5_joint,CalibratedJoint
736,736,736,7,3,6,0.0014601068752318105,131.40961877086295,200.0,131.40961877086295,-68.59038122913705,V5_joint,CalibratedJoint
737,737,737,7,3,7,0.0014601068752318105,131.40961877086295,200.0,131.40961877086295,-68.59038122913705,V5_joint,CalibratedJoint
739,739,739,7,3,9,0.0014601068752318105,131.40961877086295,200.0,131.40961877086295,-68.59038122913705,V5_joint,CalibratedJoint
740,740,740,7,4,0,0.0014601068752318105,131.40961877086295,200.0,131.40961877086295,-68.59038122913705,V5_joint,CalibratedJoint
742,742,742,7,4,2,0.0014601068752318105,131.40961877086295,200.0,131.40961877086295,-68.59038122913705,V5_joint,CalibratedJoint
701,701,701,7,0,1,0.0014601068752318105,131.40961877086295,200.0,131.40961877086295,-68.59038122913705,V5_joint,CalibratedJoint
702,702,702,7,0,2,0.0014601068752318105,131.40961877086295,200.0,131.40961877086295,-68.59038122913705,V5_joint,CalibratedJoint
704,704,704,7,0,4,0.0014601068752318105,131.40961877086295,200.0,131.40961877086295,-68.59038122913705,V5_joint,CalibratedJoint
705,705,705,7,0,5,0.0014601068752318105,131.40961877086295,200.0,131.40961877086295,-68.59038122913705,V5_joint,CalibratedJoint
706,706,706,7,0,6,0.0014601068752318105,131.40961877086295,200.0,131.40961877086295,-68.59038122913705,V5_joint,CalibratedJoint
707,707,707,7,0,7,0.0014601068752318105,131.40961877086295,200.0,131.40961877086295,-68.59038122913705,V5_joint,CalibratedJoint
710,710,710,7,1,0,0.0014601068752318105,131.40961877086295,200.0,131.40961877086295,-68.59038122913705,V5_joint,CalibratedJoint
711,711,711,7,1,1,0.0014601068752318105,131.40961877086295,200.0,131.40961877086295,-68.59038122913705,V5_joint,CalibratedJoint
712,712,712,7,1,2,0.0014601068752318105,131.40961877086295,200.0,131.40961877086295,-68.59038122913705,V5_joint,CalibratedJoint
713,713,713,7,1,3,0.0014601068752318105,131.40961877086295,200.0,131.40961877086295,-68.59038122913705,V5_joint,CalibratedJoint
714,714,714,7,1,4,0.0014601068752318105,131.40961877086295,200.0,131.40961877086295,-68.59038122913705,V5_joint,CalibratedJoint
715,715,715,7,1,5,0.0014601068752318105,131.40961877086295,200.0,131.40961877086295,-68.59038122913705,V5_joint,CalibratedJoint
716,716,716,7,1,6,0.0014601068752318105,131.40961877086295,200.0,131.40961877086295,-68.59038122913705,V5_joint,CalibratedJoint
719,719,719,7,1,9,0.0014601068752318105,131.40961877086295,200.0,131.40961877086295,-68.59038122913705,V5_joint,CalibratedJoint
722,722,722,7,2,2,0.0014601068752318105,131.40961877086295,200.0,131.40961877086295,-68.59038122913705,V5_joint,CalibratedJoint
674,674,674,6,7,4,0.0014601068752318105,131.40961877086295,200.0,131.40961877086295,-68.59038122913705,V5_joint,CalibratedJoint
675,675,675,6,7,5,0.0014601068752318105,131.40961877086295,200.0,131.40961877086295,-68.59038122913705,V5_joint,CalibratedJoint
677,677,677,6,7,7,0.0014601068752318105,131.40961877086295,200.0,131.40961877086295,-68.59038122913705,V5_joint,CalibratedJoint
683,683,683,6,8,3,0.0014601068752318105,131.40961877086295,200.0,131.40961877086295,-68.59038122913705,V5_joint,CalibratedJoint
684,684,684,6,8,4,0.0014601068752318105,131.40961877086295,200.0,131.40961877086295,-68.59038122913705,V5_joint,CalibratedJoint
685,685,685,6,8,5,0.0014601068752318105,131.40961877086295,200.0,131.40961877086295,-68.59038122913705,V5_joint,CalibratedJoint
688,688,688,6,8,8,0.0014601068752318105,131.40961877086295,200.0,131.40961877086295,-68.59038122913705,V5_joint,CalibratedJoint
689,689,689,6,8,9,0.0014601068752318105,131.40961877086295,200.0,131.40961877086295,-68.59038122913705,V5_joint,CalibratedJoint
691,691,691,6,9,1,0.0014601068752318105,131.40961877086295,200.0,131.40961877086295,-68.59038122913705,V5_joint,CalibratedJoint
692,692,692,6,9,2,0.0014601068752318105,131.40961877086295,200.0,131.40961877086295,-68.59038122913705,V5_joint,CalibratedJoint
694,694,694,6,9,4,0.0014601068752318105,131.40961877086295,200.0,131.40961877086295,-68.59038122913705,V5_joint,CalibratedJoint
696,696,696,6,9,6,0.0014601068752318105,131.40961877086295,200.0,131.40961877086295,-68.59038122913705,V5_joint,CalibratedJoint
698,698,698,6,9,8,0.0014601068752318105,131.40961877086295,200.0,131.40961877086295,-68.59038122913705,V5_joint,CalibratedJoint
644,644,644,6,4,4,0.0014601068752318105,131.40961877086295,200.0,131.40961877086295,-68.59038122913705,V5_joint,CalibratedJoint
645,645,645,6,4,5,0.0014601068752318105,131.40961877086295,200.0,131.40961877086295,-68.59038122913705,V5_joint,CalibratedJoint
649,649,649,6,4,9,0.0014601068752318105,131.40961877086295,200.0,131.40961877086295,-68.59038122913705,V5_joint,CalibratedJoint
655,655,655,6,5,5,0.0014601068752318105,131.40961877086295,200.0,131.40961877086295,-68.59038122913705,V5_joint,CalibratedJoint
658,658,658,6,5,8,0.0014601068752318105,131.40961877086295,200.0,131.40961877086295,-68.59038122913705,V5_joint,CalibratedJoint
659,659,659,6,5,9,0.0014601068752318105,131.40961877086295,200.0,131.40961877086295,-68.59038122913705,V5_joint,CalibratedJoint
661,661,661,6,6,1,0.0014601068752318105,131.40961877086295,200.0,131.40961877086295,-68.59038122913705,V5_joint,CalibratedJoint
662,662,662,6,6,2,0.0014601068752318105,131.40961877086295,200.0,131.40961877086295,-68.59038122913705,V5_joint,CalibratedJoint
665,665,665,6,6,5,0.0014601068752318105,131.40961877086295,200.0,131.40961877086295,-68.59038122913705,V5_joint,CalibratedJoint
666,666,666,6,6,6,0.0014601068752318105,131.40961877086295,200.0,131.40961877086295,-68.59038122913705,V5_joint,CalibratedJoint
668,668,668,6,6,8,0.0014601068752318105,131.40961877086295,200.0,131.40961877086295,-68.59038122913705,V5_joint,CalibratedJoint
669,669,669,6,6,9,0.0014601068752318105,131.40961877086295,200.0,131.40961877086295,-68.59038122913705,V5_joint,CalibratedJoint
624,624,624,6,2,4,0.0014601068752318105,131.40961877086295,200.0,131.40961877086295,-68.59038122913705,V5_joint,CalibratedJoint
625,625,625,6,2,5,0.0014601068752318105,131.40961877086295,200.0,131.40961877086295,-68.59038122913705,V5_joint,CalibratedJoint
627,627,627,6,2,7,0.0014601068752318105,131.40961877086295,200.0,131.40961877086295,-68.59038122913705,V5_joint,CalibratedJoint
628,628,628,6,2,8,0.0014601068752318105,131.40961877086295,200.0,131.40961877086295,-68.59038122913705,V5_joint,CalibratedJoint
632,632,632,6,3,2,0.0014601068752318105,131.40961877086295,200.0,131.40961877086295,-68.59038122913705,V5_joint,CalibratedJoint
633,633,633,6,3,3,0.0014601068752318105,131.40961877086295,200.0,131.40961877086295,-68.59038122913705,V5_joint,CalibratedJoint
635,635,635,6,3,5,0.0014601068752318105,131.40961877086295,200.0,131.40961877086295,-68.59038122913705,V5_joint,CalibratedJoint
639,639,639,6,3,9,0.0014601068752318105,131.40961877086295,200.0,131.40961877086295,-68.59038122913705,V5_joint,CalibratedJoint
640,640,640,6,4,0,0.0014601068752318105,131.40961877086295,200.0,131.40961877086295,-68.59038122913705,V5_joint,CalibratedJoint
641,641,641,6,4,1,0.0014601068752318105,131.40961877086295,200.0,131.40961877086295,-68.59038122913705,V5_joint,CalibratedJoint
642,642,642,6,4,2,0.0014601068752318105,131.40961877086295,200.0,131.40961877086295,-68.59038122913705,V5_joint,CalibratedJoint
643,643,643,6,4,3,0.0014601068752318105,131.40961877086295,200.0,131.40961877086295,-68.59038122913705,V5_joint,CalibratedJoint
604,604,604,6,0,4,0.0014601068752318105,131.40961877086295,200.0,131.40961877086295,-68.59038122913705,V5_joint,CalibratedJoint
605,605,605,6,0,5,0.0014601068752318105,131.40961877086295,200.0,131.40961877086295,-68.59038122913705,V5_joint,CalibratedJoint
937,937,937,9,3,7,0.0014601068752318105,131.40961877086295,200.0,131.40961877086295,-68.59038122913705,V5_joint,CalibratedJoint
939,939,939,9,3,9,0.0014601068752318105,131.40961877086295,200.0,131.40961877086295,-68.59038122913705,V5_joint,CalibratedJoint
940,940,940,9,4,0,0.0014601068752318105,131.40961877086295,200.0,131.40961877086295,-68.59038122913705,V5_joint,CalibratedJoint
895,895,895,8,9,5,0.0014601068752318105,131.40961877086295,200.0,131.40961877086295,-68.59038122913705,V5_joint,CalibratedJoint
900,900,900,9,0,0,0.0014601068752318105,131.40961877086295,200.0,131.40961877086295,-68.59038122913705,V5_joint,CalibratedJoint
901,901,901,9,0,1,0.0014601068752318105,131.40961877086295,200.0,131.40961877086295,-68.59038122913705,V5_joint,CalibratedJoint
904,904,904,9,0,4,0.0014601068752318105,131.40961877086295,200.0,131.40961877086295,-68.59038122913705,V5_joint,CalibratedJoint
905,905,905,9,0,5,0.0014601068752318105,131.40961877086295,200.0,131.40961877086295,-68.59038122913705,V5_joint,CalibratedJoint
906,906,906,9,0,6,0.0014601068752318105,131.40961877086295,200.0,131.40961877086295,-68.59038122913705,V5_joint,CalibratedJoint
907,907,907,9,0,7,0.0014601068752318105,131.40961877086295,200.0,131.40961877086295,-68.59038122913705,V5_joint,CalibratedJoint
908,908,908,9,0,8,0.0014601068752318105,131.40961877086295,200.0,131.40961877086295,-68.59038122913705,V5_joint,CalibratedJoint
909,909,909,9,0,9,0.0014601068752318105,131.40961877086295,200.0,131.40961877086295,-68.59038122913705,V5_joint,CalibratedJoint
910,910,910,9,1,0,0.0014601068752318105,131.40961877086295,200.0,131.40961877086295,-68.59038122913705,V5_joint,CalibratedJoint
911,911,911,9,1,1,0.0014601068752318105,131.40961877086295,200.0,131.40961877086295,-68.59038122913705,V5_joint,CalibratedJoint
912,912,912,9,1,2,0.0014601068752318105,131.40961877086295,200.0,131.40961877086295,-68.59038122913705,V5_joint,CalibratedJoint
606,606,606,6,0,6,0.0014601068752318105,131.40961877086295,200.0,131.40961877086295,-68.59038122913705,V5_joint,CalibratedJoint
607,607,607,6,0,7,0.0014601068752318105,131.40961877086295,200.0,131.40961877086295,-68.59038122913705,V5_joint,CalibratedJoint
608,608,608,6,0,8,0.0014601068752318105,131.40961877086295,200.0,131.40961877086295,-68.59038122913705,V5_joint,CalibratedJoint
609,609,609,6,0,9,0.0014601068752318105,131.40961877086295,200.0,131.40961877086295,-68.59038122913705,V5_joint,CalibratedJoint
610,610,610,6,1,0,0.0014601068752318105,131.40961877086295,200.0,131.40961877086295,-68.59038122913705,V5_joint,CalibratedJoint
612,612,612,6,1,2,0.0014601068752318105,131.40961877086295,200.0,131.40961877086295,-68.59038122913705,V5_joint,CalibratedJoint
613,613,613,6,1,3,0.0014601068752318105,131.40961877086295,200.0,131.40961877086295,-68.59038122913705,V5_joint,CalibratedJoint
615,615,615,6,1,5,0.0014601068752318105,131.40961877086295,200.0,131.40961877086295,-68.59038122913705,V5_joint,CalibratedJoint
620,620,620,6,2,0,0.0014601068752318105,131.40961877086295,200.0,131.40961877086295,-68.59038122913705,V5_joint,CalibratedJoint
622,622,622,6,2,2,0.0014601068752318105,131.40961877086295,200.0,131.40961877086295,-68.59038122913705,V5_joint,CalibratedJoint
580,580,580,5,8,0,0.0014601068752318105,131.40961877086295,200.0,131.40961877086295,-68.59038122913705,V5_joint,CalibratedJoint
582,582,582,5,8,2,0.0014601068752318105,131.40961877086295,200.0,131.40961877086295,-68.59038122913705,V5_joint,CalibratedJoint
583,583,583,5,8,3,0.0014601068752318105,131.40961877086295,200.0,131.40961877086295,-68.59038122913705,V5_joint,CalibratedJoint
584,584,584,5,8,4,0.0014601068752318105,131.40961877086295,200.0,131.40961877086295,-68.59038122913705,V5_joint,CalibratedJoint
589,589,589,5,8,9,0.0014601068752318105,131.40961877086295,200.0,131.40961877086295,-68.59038122913705,V5_joint,CalibratedJoint
590,590,590,5,9,0,0.0014601068752318105,131.40961877086295,200.0,131.40961877086295,-68.59038122913705,V5_joint,CalibratedJoint
591,591,591,5,9,1,0.0014601068752318105,131.40961877086295,200.0,131.40961877086295,-68.59038122913705,V5_joint,CalibratedJoint
595,595,595,5,9,5,0.0014601068752318105,131.40961877086295,200.0,131.40961877086295,-68.59038122913705,V5_joint,CalibratedJoint
596,596,596,5,9,6,0.0014601068752318105,131.40961877086295,200.0,131.40961877086295,-68.59038122913705,V5_joint,CalibratedJoint
597,597,597,5,9,7,0.0014601068752318105,131.40961877086295,200.0,131.40961877086295,-68.59038122913705,V5_joint,CalibratedJoint
599,599,599,5,9,9,0.0014601068752318105,131.40961877086295,200.0,131.40961877086295,-68.59038122913705,V5_joint,CalibratedJoint
600,600,600,6,0,0,0.0014601068752318105,131.40961877086295,200.0,131.40961877086295,-68.59038122913705,V5_joint,CalibratedJoint
602,602,602,6,0,2,0.0014601068752318105,131.40961877086295,200.0,131.40961877086295,-68.59038122913705,V5_joint,CalibratedJoint
603,603,603,6,0,3,0.0014601068752318105,131.40961877086295,200.0,131.40961877086295,-68.59038122913705,V5_joint,CalibratedJoint
556,556,556,5,5,6,0.0014601068752318105,131.40961877086295,200.0,131.40961877086295,-68.59038122913705,V5_joint,CalibratedJoint
557,557,557,5,5,7,0.0014601068752318105,131.40961877086295,200.0,131.40961877086295,-68.59038122913705,V5_joint,CalibratedJoint
558,558,558,5,5,8,0.0014601068752318105,131.40961877086295,200.0,131.40961877086295,-68.59038122913705,V5_joint,CalibratedJoint
559,559,559,5,5,9,0.0014601068752318105,131.40961877086295,200.0,131.40961877086295,-68.59038122913705,V5_joint,CalibratedJoint
565,565,565,5,6,5,0.0014601068752318105,131.40961877086295,200.0,131.40961877086295,-68.59038122913705,V5_joint,CalibratedJoint
566,566,566,5,6,6,0.0014601068752318105,131.40961877086295,200.0,131.40961877086295,-68.59038122913705,V5_joint,CalibratedJoint
567,567,567,5,6,7,0.0014601068752318105,131.40961877086295,200.0,131.40961877086295,-68.59038122913705,V5_joint,CalibratedJoint
570,570,570,5,7,0,0.0014601068752318105,131.40961877086295,200.0,131.40961877086295,-68.59038122913705,V5_joint,CalibratedJoint
571,571,571,5,7,1,0.0014601068752318105,131.40961877086295,200.0,131.40961877086295,-68.59038122913705,V5_joint,CalibratedJoint
575,575,575,5,7,5,0.0014601068752318105,131.40961877086295,200.0,131.40961877086295,-68.59038122913705,V5_joint,CalibratedJoint
576,576,576,5,7,6,0.0014601068752318105,131.40961877086295,200.0,131.40961877086295,-68.59038122913705,V5_joint,CalibratedJoint
577,577,577,5,7,7,0.0014601068752318105,131.40961877086295,200.0,131.40961877086295,-68.59038122913705,V5_joint,CalibratedJoint
579,579,579,5,7,9,0.0014601068752318105,131.40961877086295,200.0,131.40961877086295,-68.59038122913705,V5_joint,CalibratedJoint
071,71,71,0,7,1,0.0014601068752318105,131.40961877086295,200.0,131.40961877086295,-68.59038122913705,V5_joint,CalibratedJoint
074,74,74,0,7,4,0.0014601068752318105,131.40961877086295,200.0,131.40961877086295,-68.59038122913705,V5_joint,CalibratedJoint
075,75,75,0,7,5,0.0014601068752318105,131.40961877086295,200.0,131.40961877086295,-68.59038122913705,V5_joint,CalibratedJoint
076,76,76,0,7,6,0.0014601068752318105,131.40961877086295,200.0,131.40961877086295,-68.59038122913705,V5_joint,CalibratedJoint
081,81,81,0,8,1,0.0014601068752318105,131.40961877086295,200.0,131.40961877086295,-68.59038122913705,V5_joint,CalibratedJoint
082,82,82,0,8,2,0.0014601068752318105,131.40961877086295,200.0,131.40961877086295,-68.59038122913705,V5_joint,CalibratedJoint
087,87,87,0,8,7,0.0014601068752318105,131.40961877086295,200.0,131.40961877086295,-68.59038122913705,V5_joint,CalibratedJoint
088,88,88,0,8,8,0.0014601068752318105,131.40961877086295,200.0,131.40961877086295,-68.59038122913705,V5_joint,CalibratedJoint
089,89,89,0,8,9,0.0014601068752318105,131.40961877086295,200.0,131.40961877086295,-68.59038122913705,V5_joint,CalibratedJoint
091,91,91,0,9,1,0.0014601068752318105,131.40961877086295,200.0,131.40961877086295,-68.59038122913705,V5_joint,CalibratedJoint
092,92,92,0,9,2,0.0014601068752318105,131.40961877086295,200.0,131.40961877086295,-68.59038122913705,V5_joint,CalibratedJoint
093,93,93,0,9,3,0.0014601068752318105,131.40961877086295,200.0,131.40961877086295,-68.59038122913705,V5_joint,CalibratedJoint
094,94,94,0,9,4,0.0014601068752318105,131.40961877086295,200.0,131.40961877086295,-68.59038122913705,V5_joint,CalibratedJoint
530,530,530,5,3,0,0.0014601068752318105,131.40961877086295,200.0,131.40961877086295,-68.59038122913705,V5_joint,CalibratedJoint
532,532,532,5,3,2,0.0014601068752318105,131.40961877086295,200.0,131.40961877086295,-68.59038122913705,V5_joint,CalibratedJoint
533,533,533,5,3,3,0.0014601068752318105,131.40961877086295,200.0,131.40961877086295,-68.59038122913705,V5_joint,CalibratedJoint
537,537,537,5,3,7,0.0014601068752318105,131.40961877086295,200.0,131.40961877086295,-68.59038122913705,V5_joint,CalibratedJoint
540,540,540,5,4,0,0.0014601068752318105,131.40961877086295,200.0,131.40961877086295,-68.59038122913705,V5_joint,CalibratedJoint
541,541,541,5,4,1,0.0014601068752318105,131.40961877086295,200.0,131.40961877086295,-68.59038122913705,V5_joint,CalibratedJoint
544,544,544,5,4,4,0.0014601068752318105,131.40961877086295,200.0,131.40961877086295,-68.59038122913705,V5_joint,CalibratedJoint
546,546,546,5,4,6,0.0014601068752318105,131.40961877086295,200.0,131.40961877086295,-68.59038122913705,V5_joint,CalibratedJoint
547,547,547,5,4,7,0.0014601068752318105,131.40961877086295,200.0,131.40961877086295,-68.59038122913705,V5_joint,CalibratedJoint
550,550,550,5,5,0,0.0014601068752318105,131.40961877086295,200.0,131.40961877086295,-68.59038122913705,V5_joint,CalibratedJoint
552,552,552,5,5,2,0.0014601068752318105,131.40961877086295,200.0,131.40961877086295,-68.59038122913705,V5_joint,CalibratedJoint
553,553,553,5,5,3,0.0014601068752318105,131.40961877086295,200.0,131.40961877086295,-68.59038122913705,V5_joint,CalibratedJoint
555,555,555,5,5,5,0.0014601068752318105,131.40961877086295,200.0,131.40961877086295,-68.59038122913705,V5_joint,CalibratedJoint
503,503,503,5,0,3,0.0014601068752318105,131.40961877086295,200.0,131.40961877086295,-68.59038122913705,V5_joint,CalibratedJoint
504,504,504,5,0,4,0.0014601068752318105,131.40961877086295,200.0,131.40961877086295,-68.59038122913705,V5_joint,CalibratedJoint
507,507,507,5,0,7,0.0014601068752318105,131.40961877086295,200.0,131.40961877086295,-68.59038122913705,V5_joint,CalibratedJoint
508,508,508,5,0,8,0.0014601068752318105,131.40961877086295,200.0,131.40961877086295,-68.59038122913705,V5_joint,CalibratedJoint
509,509,509,5,0,9,0.0014601068752318105,131.40961877086295,200.0,131.40961877086295,-68.59038122913705,V5_joint,CalibratedJoint
511,511,511,5,1,1,0.0014601068752318105,131.40961877086295,200.0,131.40961877086295,-68.59038122913705,V5_joint,CalibratedJoint
514,514,514,5,1,4,0.0014601068752318105,131.40961877086295,200.0,131.40961877086295,-68.59038122913705,V5_joint,CalibratedJoint
516,516,516,5,1,6,0.0014601068752318105,131.40961877086295,200.0,131.40961877086295,-68.59038122913705,V5_joint,CalibratedJoint
517,517,517,5,1,7,0.0014601068752318105,131.40961877086295,200.0,131.40961877086295,-68.59038122913705,V5_joint,CalibratedJoint
520,520,520,5,2,0,0.0014601068752318105,131.40961877086295,200.0,131.40961877086295,-68.59038122913705,V5_joint,CalibratedJoint
522,522,522,5,2,2,0.0014601068752318105,131.40961877086295,200.0,131.40961877086295,-68.59038122913705,V5_joint,CalibratedJoint
526,526,526,5,2,6,0.0014601068752318105,131.40961877086295,200.0,131.40961877086295,-68.59038122913705,V5_joint,CalibratedJoint
527,527,527,5,2,7,0.0014601068752318105,131.40961877086295,200.0,131.40961877086295,-68.59038122913705,V5_joint,CalibratedJoint
529,529,529,5,2,9,0.0014601068752318105,131.40961877086295,200.0,131.40961877086295,-68.59038122913705,V5_joint,CalibratedJoint
484,484,484,4,8,4,0.0014601068752318105,131.40961877086295,200.0,131.40961877086295,-68.59038122913705,V5_joint,CalibratedJoint
485,485,485,4,8,5,0.0014601068752318105,131.40961877086295,200.0,131.40961877086295,-68.59038122913705,V5_joint,CalibratedJoint
488,488,488,4,8,8,0.0014601068752318105,131.40961877086295,200.0,131.40961877086295,-68.59038122913705,V5_joint,CalibratedJoint
489,489,489,4,8,9,0.0014601068752318105,131.40961877086295,200.0,131.40961877086295,-68.59038122913705,V5_joint,CalibratedJoint
492,492,492,4,9,2,0.0014601068752318105,131.40961877086295,200.0,131.40961877086295,-68.59038122913705,V5_joint,CalibratedJoint
493,493,493,4,9,3,0.0014601068752318105,131.40961877086295,200.0,131.40961877086295,-68.59038122913705,V5_joint,CalibratedJoint
494,494,494,4,9,4,0.0014601068752318105,131.40961877086295,200.0,131.40961877086295,-68.59038122913705,V5_joint,CalibratedJoint
495,495,495,4,9,5,0.0014601068752318105,131.40961877086295,200.0,131.40961877086295,-68.59038122913705,V5_joint,CalibratedJoint
496,496,496,4,9,6,0.0014601068752318105,131.40961877086295,200.0,131.40961877086295,-68.59038122913705,V5_joint,CalibratedJoint
498,498,498,4,9,8,0.0014601068752318105,131.40961877086295,200.0,131.40961877086295,-68.59038122913705,V5_joint,CalibratedJoint
499,499,499,4,9,9,0.0014601068752318105,131.40961877086295,200.0,131.40961877086295,-68.59038122913705,V5_joint,CalibratedJoint
500,500,500,5,0,0,0.0014601068752318105,131.40961877086295,200.0,131.40961877086295,-68.59038122913705,V5_joint,CalibratedJoint
463,463,463,4,6,3,0.0014601068752318105,131.40961877086295,200.0,131.40961877086295,-68.59038122913705,V5_joint,CalibratedJoint
464,464,464,4,6,4,0.0014601068752318105,131.40961877086295,200.0,131.40961877086295,-68.59038122913705,V5_joint,CalibratedJoint
465,465,465,4,6,5,0.0014601068752318105,131.40961877086295,200.0,131.40961877086295,-68.59038122913705,V5_joint,CalibratedJoint
468,468,468,4,6,8,0.0014601068752318105,131.40961877086295,200.0,131.40961877086295,-68.59038122913705,V5_joint,CalibratedJoint
469,469,469,4,6,9,0.0014601068752318105,131.40961877086295,200.0,131.40961877086295,-68.59038122913705,V5_joint,CalibratedJoint
470,470,470,4,7,0,0.0014601068752318105,131.40961877086295,200.0,131.40961877086295,-68.59038122913705,V5_joint,CalibratedJoint
473,473,473,4,7,3,0.0014601068752318105,131.40961877086295,200.0,131.40961877086295,-68.59038122913705,V5_joint,CalibratedJoint
474,474,474,4,7,4,0.0014601068752318105,131.40961877086295,200.0,131.40961877086295,-68.59038122913705,V5_joint,CalibratedJoint
475,475,475,4,7,5,0.0014601068752318105,131.40961877086295,200.0,131.40961877086295,-68.59038122913705,V5_joint,CalibratedJoint
477,477,477,4,7,7,0.0014601068752318105,131.40961877086295,200.0,131.40961877086295,-68.59038122913705,V5_joint,CalibratedJoint
478,478,478,4,7,8,0.0014601068752318105,131.40961877086295,200.0,131.40961877086295,-68.59038122913705,V5_joint,CalibratedJoint
479,479,479,4,7,9,0.0014601068752318105,131.40961877086295,200.0,131.40961877086295,-68.59038122913705,V5_joint,CalibratedJoint
481,481,481,4,8,1,0.0014601068752318105,131.40961877086295,200.0,131.40961877086295,-68.59038122913705,V5_joint,CalibratedJoint
483,483,483,4,8,3,0.0014601068752318105,131.40961877086295,200.0,131.40961877086295,-68.59038122913705,V5_joint,CalibratedJoint
433,433,433,4,3,3,0.0014601068752318105,131.40961877086295,200.0,131.40961877086295,-68.59038122913705,V5_joint,CalibratedJoint
435,435,435,4,3,5,0.0014601068752318105,131.40961877086295,200.0,131.40961877086295,-68.59038122913705,V5_joint,CalibratedJoint
438,438,438,4,3,8,0.0014601068752318105,131.40961877086295,200.0,131.40961877086295,-68.59038122913705,V5_joint,CalibratedJoint
443,443,443,4,4,3,0.0014601068752318105,131.40961877086295,200.0,131.40961877086295,-68.59038122913705,V5_joint,CalibratedJoint
445,445,445,4,4,5,0.0014601068752318105,131.40961877086295,200.0,131.40961877086295,-68.59038122913705,V5_joint,CalibratedJoint
447,447,447,4,4,7,0.0014601068752318105,131.40961877086295,200.0,131.40961877086295,-68.59038122913705,V5_joint,CalibratedJoint
448,448,448,4,4,8,0.0014601068752318105,131.40961877086295,200.0,131.40961877086295,-68.59038122913705,V5_joint,CalibratedJoint
451,451,451,4,5,1,0.0014601068752318105,131.40961877086295,200.0,131.40961877086295,-68.59038122913705,V5_joint,CalibratedJoint
455,455,455,4,5,5,0.0014601068752318105,131.40961877086295,200.0,131.40961877086295,-68.59038122913705,V5_joint,CalibratedJoint
459,459,459,4,5,9,0.0014601068752318105,131.40961877086295,200.0,131.40961877086295,-68.59038122913705,V5_joint,CalibratedJoint
460,460,460,4,6,0,0.0014601068752318105,131.40961877086295,200.0,131.40961877086295,-68.59038122913705,V5_joint,CalibratedJoint
956,956,956,9,5,6,0.0014601068752318105,131.40961877086295,200.0,131.40961877086295,-68.59038122913705,V5_joint,CalibratedJoint
957,957,957,9,5,7,0.0014601068752318105,131.40961877086295,200.0,131.40961877086295,-68.59038122913705,V5_joint,CalibratedJoint
958,958,958,9,5,8,0.0014601068752318105,131.40961877086295,200.0,131.40961877086295,-68.59038122913705,V5_joint,CalibratedJoint
962,962,962,9,6,2,0.0014601068752318105,131.40961877086295,200.0,131.40961877086295,-68.59038122913705,V5_joint,CalibratedJoint
920,920,920,9,2,0,0.0014601068752318105,131.40961877086295,200.0,131.40961877086295,-68.59038122913705,V5_joint,CalibratedJoint
921,921,921,9,2,1,0.0014601068752318105,131.40961877086295,200.0,131.40961877086295,-68.59038122913705,V5_joint,CalibratedJoint
922,922,922,9,2,2,0.0014601068752318105,131.40961877086295,200.0,131.40961877086295,-68.59038122913705,V5_joint,CalibratedJoint
923,923,923,9,2,3,0.0014601068752318105,131.40961877086295,200.0,131.40961877086295,-68.59038122913705,V5_joint,CalibratedJoint
925,925,925,9,2,5,0.0014601068752318105,131.40961877086295,200.0,131.40961877086295,-68.59038122913705,V5_joint,CalibratedJoint
928,928,928,9,2,8,0.0014601068752318105,131.40961877086295,200.0,131.40961877086295,-68.59038122913705,V5_joint,CalibratedJoint
929,929,929,9,2,9,0.0014601068752318105,131.40961877086295,200.0,131.40961877086295,-68.59038122913705,V5_joint,CalibratedJoint
930,930,930,9,3,0,0.0014601068752318105,131.40961877086295,200.0,131.40961877086295,-68.59038122913705,V5_joint,CalibratedJoint
931,931,931,9,3,1,0.0014601068752318105,131.40961877086295,200.0,131.40961877086295,-68.59038122913705,V5_joint,CalibratedJoint
933,933,933,9,3,3,0.0014601068752318105,131.40961877086295,200.0,131.40961877086295,-68.59038122913705,V5_joint,CalibratedJoint
934,934,934,9,3,4,0.0014601068752318105,131.40961877086295,200.0,131.40961877086295,-68.59038122913705,V5_joint,CalibratedJoint
935,935,935,9,3,5,0.0014601068752318105,131.40961877086295,200.0,131.40961877086295,-68.59038122913705,V5_joint,CalibratedJoint
413,413,413,4,1,3,0.0014601068752318105,131.40961877086295,200.0,131.40961877086295,-68.59038122913705,V5_joint,CalibratedJoint
414,414,414,4,1,4,0.0014601068752318105,131.40961877086295,200.0,131.40961877086295,-68.59038122913705,V5_joint,CalibratedJoint
415,415,415,4,1,5,0.0014601068752318105,131.40961877086295,200.0,131.40961877086295,-68.59038122913705,V5_joint,CalibratedJoint
418,418,418,4,1,8,0.0014601068752318105,131.40961877086295,200.0,131.40961877086295,-68.59038122913705,V5_joint,CalibratedJoint
419,419,419,4,1,9,0.0014601068752318105,131.40961877086295,200.0,131.40961877086295,-68.59038122913705,V5_joint,CalibratedJoint
421,421,421,4,2,1,0.0014601068752318105,131.40961877086295,200.0,131.40961877086295,-68.59038122913705,V5_joint,CalibratedJoint
424,424,424,4,2,4,0.0014601068752318105,131.40961877086295,200.0,131.40961877086295,-68.59038122913705,V5_joint,CalibratedJoint
426,426,426,4,2,6,0.0014601068752318105,131.40961877086295,200.0,131.40961877086295,-68.59038122913705,V5_joint,CalibratedJoint
428,428,428,4,2,8,0.0014601068752318105,131.40961877086295,200.0,131.40961877086295,-68.59038122913705,V5_joint,CalibratedJoint
429,429,429,4,2,9,0.0014601068752318105,131.40961877086295,200.0,131.40961877086295,-68.59038122913705,V5_joint,CalibratedJoint
430,430,430,4,3,0,0.0014601068752318105,131.40961877086295,200.0,131.40961877086295,-68.59038122913705,V5_joint,CalibratedJoint
431,431,431,4,3,1,0.0014601068752318105,131.40961877086295,200.0,131.40961877086295,-68.59038122913705,V5_joint,CalibratedJoint
432,432,432,4,3,2,0.0014601068752318105,131.40961877086295,200.0,131.40961877086295,-68.59038122913705,V5_joint,CalibratedJoint
386,386,386,3,8,6,0.0014601068752318105,131.40961877086295,200.0,131.40961877086295,-68.59038122913705,V5_joint,CalibratedJoint
387,387,387,3,8,7,0.0014601068752318105,131.40961877086295,200.0,131.40961877086295,-68.59038122913705,V5_joint,CalibratedJoint
388,388,388,3,8,8,0.0014601068752318105,131.40961877086295,200.0,131.40961877086295,-68.59038122913705,V5_joint,CalibratedJoint
389,389,389,3,8,9,0.0014601068752318105,131.40961877086295,200.0,131.40961877086295,-68.59038122913705,V5_joint,CalibratedJoint
391,391,391,3,9,1,0.0014601068752318105,131.40961877086295,200.0,131.40961877086295,-68.59038122913705,V5_joint,CalibratedJoint
392,392,392,3,9,2,0.0014601068752318105,131.40961877086295,200.0,131.40961877086295,-68.59038122913705,V5_joint,CalibratedJoint
395,395,395,3,9,5,0.0014601068752318105,131.40961877086295,200.0,131.40961877086295,-68.59038122913705,V5_joint,CalibratedJoint
398,398,398,3,9,8,0.0014601068752318105,131.40961877086295,200.0,131.40961877086295,-68.59038122913705,V5_joint,CalibratedJoint
400,400,400,4,0,0,0.0014601068752318105,131.40961877086295,200.0,131.40961877086295,-68.59038122913705,V5_joint,CalibratedJoint
406,406,406,4,0,6,0.0014601068752318105,131.40961877086295,200.0,131.40961877086295,-68.59038122913705,V5_joint,CalibratedJoint
408,408,408,4,0,8,0.0014601068752318105,131.40961877086295,200.0,131.40961877086295,-68.59038122913705,V5_joint,CalibratedJoint
409,409,409,4,0,9,0.0014601068752318105,131.40961877086295,200.0,131.40961877086295,-68.59038122913705,V5_joint,CalibratedJoint
412,412,412,4,1,2,0.0014601068752318105,131.40961877086295,200.0,131.40961877086295,-68.59038122913705,V5_joint,CalibratedJoint
359,359,359,3,5,9,0.0014601068752318105,131.40961877086295,200.0,131.40961877086295,-68.59038122913705,V5_joint,CalibratedJoint
363,363,363,3,6,3,0.0014601068752318105,131.40961877086295,200.0,131.40961877086295,-68.59038122913705,V5_joint,CalibratedJoint
365,365,365,3,6,5,0.0014601068752318105,131.40961877086295,200.0,131.40961877086295,-68.59038122913705,V5_joint,CalibratedJoint
366,366,366,3,6,6,0.0014601068752318105,131.40961877086295,200.0,131.40961877086295,-68.59038122913705,V5_joint,CalibratedJoint
367,367,367,3,6,7,0.0014601068752318105,131.40961877086295,200.0,131.40961877086295,-68.59038122913705,V5_joint,CalibratedJoint
369,369,369,3,6,9,0.0014601068752318105,131.40961877086295,200.0,131.40961877086295,-68.59038122913705,V5_joint,CalibratedJoint
370,370,370,3,7,0,0.0014601068752318105,131.40961877086295,200.0,131.40961877086295,-68.59038122913705,V5_joint,CalibratedJoint
373,373,373,3,7,3,0.0014601068752318105,131.40961877086295,200.0,131.40961877086295,-68.59038122913705,V5_joint,CalibratedJoint
376,376,376,3,7,6,0.0014601068752318105,131.40961877086295,200.0,131.40961877086295,-68.59038122913705,V5_joint,CalibratedJoint
377,377,377,3,7,7,0.0014601068752318105,131.40961877086295,200.0,131.40961877086295,-68.59038122913705,V5_joint,CalibratedJoint
378,378,378,3,7,8,0.0014601068752318105,131.40961877086295,200.0,131.40961877086295,-68.59038122913705,V5_joint,CalibratedJoint
384,384,384,3,8,4,0.0014601068752318105,131.40961877086295,200.0,131.40961877086295,-68.59038122913705,V5_joint,CalibratedJoint
385,385,385,3,8,5,0.0014601068752318105,131.40961877086295,200.0,131.40961877086295,-68.59038122913705,V5_joint,CalibratedJoint
338,338,338,3,3,8,0.0014601068752318105,131.40961877086295,200.0,131.40961877086295,-68.59038122913705,V5_joint,CalibratedJoint
339,339,339,3,3,9,0.0014601068752318105,131.40961877086295,200.0,131.40961877086295,-68.59038122913705,V5_joint,CalibratedJoint
340,340,340,3,4,0,0.0014601068752318105,131.40961877086295,200.0,131.40961877086295,-68.59038122913705,V5_joint,CalibratedJoint
341,341,341,3,4,1,0.0014601068752318105,131.40961877086295,200.0,131.40961877086295,-68.59038122913705,V5_joint,CalibratedJoint
342,342,342,3,4,2,0.0014601068752318105,131.40961877086295,200.0,131.40961877086295,-68.59038122913705,V5_joint,CalibratedJoint
343,343,343,3,4,3,0.0014601068752318105,131.40961877086295,200.0,131.40961877086295,-68.59038122913705,V5_joint,CalibratedJoint
345,345,345,3,4,5,0.0014601068752318105,131.40961877086295,200.0,131.40961877086295,-68.59038122913705,V5_joint,CalibratedJoint
346,346,346,3,4,6,0.0014601068752318105,131.40961877086295,200.0,131.40961877086295,-68.59038122913705,V5_joint,CalibratedJoint
347,347,347,3,4,7,0.0014601068752318105,131.40961877086295,200.0,131.40961877086295,-68.59038122913705,V5_joint,CalibratedJoint
348,348,348,3,4,8,0.0014601068752318105,131.40961877086295,200.0,131.40961877086295,-68.59038122913705,V5_joint,CalibratedJoint
350,350,350,3,5,0,0.0014601068752318105,131.40961877086295,200.0,131.40961877086295,-68.59038122913705,V5_joint,CalibratedJoint
351,351,351,3,5,1,0.0014601068752318105,131.40961877086295,200.0,131.40961877086295,-68.59038122913705,V5_joint,CalibratedJoint
353,353,353,3,5,3,0.0014601068752318105,131.40961877086295,200.0,131.40961877086295,-68.59038122913705,V5_joint,CalibratedJoint
357,357,357,3,5,7,0.0014601068752318105,131.40961877086295,200.0,131.40961877086295,-68.59038122913705,V5_joint,CalibratedJoint
358,358,358,3,5,8,0.0014601068752318105,131.40961877086295,200.0,131.40961877086295,-68.59038122913705,V5_joint,CalibratedJoint
310,310,310,3,1,0,0.0014601068752318105,131.40961877086295,200.0,131.40961877086295,-68.59038122913705,V5_joint,CalibratedJoint
992,992,992,9,9,2,0.0014601068752318105,131.40961877086295,200.0,131.40961877086295,-68.59038122913705,V5_joint,CalibratedJoint
314,314,314,3,1,4,0.0014601068752318105,131.40961877086295,200.0,131.40961877086295,-68.59038122913705,V5_joint,CalibratedJoint
315,315,315,3,1,5,0.0014601068752318105,131.40961877086295,200.0,131.40961877086295,-68.59038122913705,V5_joint,CalibratedJoint
316,316,316,3,1,6,0.0014601068752318105,131.40961877086295,200.0,131.40961877086295,-68.59038122913705,V5_joint,CalibratedJoint
318,318,318,3,1,8,0.0014601068752318105,131.40961877086295,200.0,131.40961877086295,-68.59038122913705,V5_joint,CalibratedJoint
319,319,319,3,1,9,0.0014601068752318105,131.40961877086295,200.0,131.40961877086295,-68.59038122913705,V5_joint,CalibratedJoint
321,321,321,3,2,1,0.0014601068752318105,131.40961877086295,200.0,131.40961877086295,-68.59038122913705,V5_joint,CalibratedJoint
322,322,322,3,2,2,0.0014601068752318105,131.40961877086295,200.0,131.40961877086295,-68.59038122913705,V5_joint,CalibratedJoint
325,325,325,3,2,5,0.0014601068752318105,131.40961877086295,200.0,131.40961877086295,-68.59038122913705,V5_joint,CalibratedJoint
326,326,326,3,2,6,0.0014601068752318105,131.40961877086295,200.0,131.40961877086295,-68.59038122913705,V5_joint,CalibratedJoint
329,329,329,3,2,9,0.0014601068752318105,131.40961877086295,200.0,131.40961877086295,-68.59038122913705,V5_joint,CalibratedJoint
330,330,330,3,3,0,0.0014601068752318105,131.40961877086295,200.0,131.40961877086295,-68.59038122913705,V5_joint,CalibratedJoint
335,335,335,3,3,5,0.0014601068752318105,131.40961877086295,200.0,131.40961877086295,-68.59038122913705,V5_joint,CalibratedJoint
282,282,282,2,8,2,0.0014601068752318105,131.40961877086295,200.0,131.40961877086295,-68.59038122913705,V5_joint,CalibratedJoint
283,283,283,2,8,3,0.0014601068752318105,131.40961877086295,200.0,131.40961877086295,-68.59038122913705,V5_joint,CalibratedJoint
286,286,286,2,8,6,0.0014601068752318105,131.40961877086295,200.0,131.40961877086295,-68.59038122913705,V5_joint,CalibratedJoint
287,287,287,2,8,7,0.0014601068752318105,131.40961877086295,200.0,131.40961877086295,-68.59038122913705,V5_joint,CalibratedJoint
290,290,290,2,9,0,0.0014601068752318105,131.40961877086295,200.0,131.40961877086295,-68.59038122913705,V5_joint,CalibratedJoint
291,291,291,2,9,1,0.0014601068752318105,131.40961877086295,200.0,131.40961877086295,-68.59038122913705,V5_joint,CalibratedJoint
292,292,292,2,9,2,0.0014601068752318105,131.40961877086295,200.0,131.40961877086295,-68.59038122913705,V5_joint,CalibratedJoint
293,293,293,2,9,3,0.0014601068752318105,131.40961877086295,200.0,131.40961877086295,-68.59038122913705,V5_joint,CalibratedJoint
297,297,297,2,9,7,0.0014601068752318105,131.40961877086295,200.0,131.40961877086295,-68.59038122913705,V5_joint,CalibratedJoint
298,298,298,2,9,8,0.0014601068752318105,131.40961877086295,200.0,131.40961877086295,-68.59038122913705,V5_joint,CalibratedJoint
302,302,302,3,0,2,0.0014601068752318105,131.40961877086295,200.0,131.40961877086295,-68.59038122913705,V5_joint,CalibratedJoint
303,303,303,3,0,3,0.0014601068752318105,131.40961877086295,200.0,131.40961877086295,-68.59038122913705,V5_joint,CalibratedJoint
024,24,24,0,2,4,0.0014601068752318105,131.40961877086295,200.0,131.40961877086295,-68.59038122913705,V5_joint,CalibratedJoint
305,305,305,3,0,5,0.0014601068752318105,131.40961877086295,200.0,131.40961877086295,-68.59038122913705,V5_joint,CalibratedJoint
309,309,309,3,0,9,0.0014601068752318105,131.40961877086295,200.0,131.40961877086295,-68.59038122913705,V5_joint,CalibratedJoint
264,264,264,2,6,4,0.0014601068752318105,131.40961877086295,200.0,131.40961877086295,-68.59038122913705,V5_joint,CalibratedJoint
265,265,265,2,6,5,0.0014601068752318105,131.40961877086295,200.0,131.40961877086295,-68.59038122913705,V5_joint,CalibratedJoint
267,267,267,2,6,7,0.0014601068752318105,131.40961877086295,200.0,131.40961877086295,-68.59038122913705,V5_joint,CalibratedJoint
268,268,268,2,6,8,0.0014601068752318105,131.40961877086295,200.0,131.40961877086295,-68.59038122913705,V5_joint,CalibratedJoint
270,270,270,2,7,0,0.0014601068752318105,131.40961877086295,200.0,131.40961877086295,-68.59038122913705,V5_joint,CalibratedJoint
271,271,271,2,7,1,0.0014601068752318105,131.40961877086295,200.0,131.40961877086295,-68.59038122913705,V5_joint,CalibratedJoint
272,272,272,2,7,2,0.0014601068752318105,131.40961877086295,200.0,131.40961877086295,-68.59038122913705,V5_joint,CalibratedJoint
273,273,273,2,7,3,0.0014601068752318105,131.40961877086295,200.0,131.40961877086295,-68.59038122913705,V5_joint,CalibratedJoint
274,274,274,2,7,4,0.0014601068752318105,131.40961877086295,200.0,131.40961877086295,-68.59038122913705,V5_joint,CalibratedJoint
276,276,276,2,7,6,0.0014601068752318105,131.40961877086295,200.0,131.40961877086295,-68.59038122913705,V5_joint,CalibratedJoint
277,277,277,2,7,7,0.0014601068752318105,131.40961877086295,200.0,131.40961877086295,-68.59038122913705,V5_joint,CalibratedJoint
280,280,280,2,8,0,0.0014601068752318105,131.40961877086295,200.0,131.40961877086295,-68.59038122913705,V5_joint,CalibratedJoint
281,281,281,2,8,1,0.0014601068752318105,131.40961877086295,200.0,131.40961877086295,-68.59038122913705,V5_joint,CalibratedJoint
237,237,237,2,3,7,0.0014601068752318105,131.40961877086295,200.0,131.40961877086295,-68.59038122913705,V5_joint,CalibratedJoint
239,239,239,2,3,9,0.0014601068752318105,131.40961877086295,200.0,131.40961877086295,-68.59038122913705,V5_joint,CalibratedJoint
240,240,240,2,4,0,0.0014601068752318105,131.40961877086295,200.0,131.40961877086295,-68.59038122913705,V5_joint,CalibratedJoint
241,241,241,2,4,1,0.0014601068752318105,131.40961877086295,200.0,131.40961877086295,-68.59038122913705,V5_joint,CalibratedJoint
242,242,242,2,4,2,0.0014601068752318105,131.40961877086295,200.0,131.40961877086295,-68.59038122913705,V5_joint,CalibratedJoint
243,243,243,2,4,3,0.0014601068752318105,131.40961877086295,200.0,131.40961877086295,-68.59038122913705,V5_joint,CalibratedJoint
245,245,245,2,4,5,0.0014601068752318105,131.40961877086295,200.0,131.40961877086295,-68.59038122913705,V5_joint,CalibratedJoint
246,246,246,2,4,6,0.0014601068752318105,131.40961877086295,200.0,131.40961877086295,-68.59038122913705,V5_joint,CalibratedJoint
250,250,250,2,5,0,0.0014601068752318105,131.40961877086295,200.0,131.40961877086295,-68.59038122913705,V5_joint,CalibratedJoint
251,251,251,2,5,1,0.0014601068752318105,131.40961877086295,200.0,131.40961877086295,-68.59038122913705,V5_joint,CalibratedJoint
252,252,252,2,5,2,0.0014601068752318105,131.40961877086295,200.0,131.40961877086295,-68.59038122913705,V5_joint,CalibratedJoint
257,257,257,2,5,7,0.0014601068752318105,131.40961877086295,200.0,131.40961877086295,-68.59038122913705,V5_joint,CalibratedJoint
258,258,258,2,5,8,0.0014601068752318105,131.40961877086295,200.0,131.40961877086295,-68.59038122913705,V5_joint,CalibratedJoint
261,261,261,2,6,1,0.0014601068752318105,131.40961877086295,200.0,131.40961877086295,-68.59038122913705,V5_joint,CalibratedJoint
262,262,262,2,6,2,0.0014601068752318105,131.40961877086295,200.0,131.40961877086295,-68.59038122913705,V5_joint,CalibratedJoint
210,210,210,2,1,0,0.0014601068752318105,131.40961877086295,200.0,131.40961877086295,-68.59038122913705,V5_joint,CalibratedJoint
215,215,215,2,1,5,0.0014601068752318105,131.40961877086295,200.0,131.40961877086295,-68.59038122913705,V5_joint,CalibratedJoint
216,216,216,2,1,6,0.0014601068752318105,131.40961877086295,200.0,131.40961877086295,-68.59038122913705,V5_joint,CalibratedJoint
217,217,217,2,1,7,0.0014601068752318105,131.40961877086295,200.0,131.40961877086295,-68.59038122913705,V5_joint,CalibratedJoint
989,989,989,9,8,9,0.0014601068752318105,131.40961877086295,200.0,131.40961877086295,-68.59038122913705,V5_joint,CalibratedJoint
219,219,219,2,1,9,0.0014601068752318105,131.40961877086295,200.0,131.40961877086295,-68.59038122913705,V5_joint,CalibratedJoint
220,220,220,2,2,0,0.0014601068752318105,131.40961877086295,200.0,131.40961877086295,-68.59038122913705,V5_joint,CalibratedJoint
222,222,222,2,2,2,0.0014601068752318105,131.40961877086295,200.0,131.40961877086295,-68.59038122913705,V5_joint,CalibratedJoint
987,987,987,9,8,7,0.0014601068752318105,131.40961877086295,200.0,131.40961877086295,-68.59038122913705,V5_joint,CalibratedJoint
226,226,226,2,2,6,0.0014601068752318105,131.40961877086295,200.0,131.40961877086295,-68.59038122913705,V5_joint,CalibratedJoint
230,230,230,2,3,0,0.0014601068752318105,131.40961877086295,200.0,131.40961877086295,-68.59038122913705,V5_joint,CalibratedJoint
232,232,232,2,3,2,0.0014601068752318105,131.40961877086295,200.0,131.40961877086295,-68.59038122913705,V5_joint,CalibratedJoint
235,235,235,2,3,5,0.0014601068752318105,131.40961877086295,200.0,131.40961877086295,-68.59038122913705,V5_joint,CalibratedJoint
236,236,236,2,3,6,0.0014601068752318105,131.40961877086295,200.0,131.40961877086295,-68.59038122913705,V5_joint,CalibratedJoint
097,97,97,0,9,7,0.0014601068752318105,131.40961877086295,200.0,131.40961877086295,-68.59038122913705,V5_joint,CalibratedJoint
098,98,98,0,9,8,0.0014601068752318105,131.40961877086295,200.0,131.40961877086295,-68.59038122913705,V5_joint,CalibratedJoint
101,101,101,1,0,1,0.0014601068752318105,131.40961877086295,200.0,131.40961877086295,-68.59038122913705,V5_joint,CalibratedJoint
103,103,103,1,0,3,0.0014601068752318105,131.40961877086295,200.0,131.40961877086295,-68.59038122913705,V5_joint,CalibratedJoint
104,104,104,1,0,4,0.0014601068752318105,131.40961877086295,200.0,131.40961877086295,-68.59038122913705,V5_joint,CalibratedJoint
105,105,105,1,0,5,0.0014601068752318105,131.40961877086295,200.0,131.40961877086295,-68.59038122913705,V5_joint,CalibratedJoint
106,106,106,1,0,6,0.0014601068752318105,131.40961877086295,200.0,131.40961877086295,-68.59038122913705,V5_joint,CalibratedJoint
109,109,109,1,0,9,0.0014601068752318105,131.40961877086295,200.0,131.40961877086295,-68.59038122913705,V5_joint,CalibratedJoint
110,110,110,1,1,0,0.0014601068752318105,131.40961877086295,200.0,131.40961877086295,-68.59038122913705,V5_joint,CalibratedJoint
112,112,112,1,1,2,0.0014601068752318105,131.40961877086295,200.0,131.40961877086295,-68.59038122913705,V5_joint,CalibratedJoint
113,113,113,1,1,3,0.0014601068752318105,131.40961877086295,200.0,131.40961877086295,-68.59038122913705,V5_joint,CalibratedJoint
114,114,114,1,1,4,0.0014601068752318105,131.40961877086295,200.0,131.40961877086295,-68.59038122913705,V5_joint,CalibratedJoint
117,117,117,1,1,7,0.0014601068752318105,131.40961877086295,200.0,131.40961877086295,-68.59038122913705,V5_joint,CalibratedJoint
138,138,138,1,3,8,0.0014601068752318105,131.40961877086295,200.0,131.40961877086295,-68.59038122913705,V5_joint,CalibratedJoint
188,188,188,1,8,8,0.0014601068752318105,131.40961877086295,200.0,131.40961877086295,-68.59038122913705,V5_joint,CalibratedJoint
193,193,193,1,9,3,0.0014601068752318105,131.40961877086295,200.0,131.40961877086295,-68.59038122913705,V5_joint,CalibratedJoint
196,196,196,1,9,6,0.0014601068752318105,131.40961877086295,200.0,131.40961877086295,-68.59038122913705,V5_joint,CalibratedJoint
197,197,197,1,9,7,0.0014601068752318105,131.40961877086295,200.0,131.40961877086295,-68.59038122913705,V5_joint,CalibratedJoint
199,199,199,1,9,9,0.0014601068752318105,131.40961877086295,200.0,131.40961877086295,-68.59038122913705,V5_joint,CalibratedJoint
201,201,201,2,0,1,0.0014601068752318105,131.40961877086295,200.0,131.40961877086295,-68.59038122913705,V5_joint,CalibratedJoint
202,202,202,2,0,2,0.0014601068752318105,131.40961877086295,200.0,131.40961877086295,-68.59038122913705,V5_joint,CalibratedJoint
203,203,203,2,0,3,0.0014601068752318105,131.40961877086295,200.0,131.40961877086295,-68.59038122913705,V5_joint,CalibratedJoint
205,205,205,2,0,5,0.0014601068752318105,131.40961877086295,200.0,131.40961877086295,-68.59038122913705,V5_joint,CalibratedJoint
208,208,208,2,0,8,0.0014601068752318105,131.40961877086295,200.0,131.40961877086295,-68.59038122913705,V5_joint,CalibratedJoint
304,304,304,3,0,4,0.0014601068752318105,131.40961877086295,200.0,131.40961877086295,-68.59038122913705,V5_joint,CalibratedJoint
163,163,163,1,6,3,0.0014601068752318105,131.40961877086295,200.0,131.40961877086295,-68.59038122913705,V5_joint,CalibratedJoint
164,164,164,1,6,4,0.0014601068752318105,131.40961877086295,200.0,131.40961877086295,-68.59038122913705,V5_joint,CalibratedJoint
167,167,167,1,6,7,0.0014601068752318105,131.40961877086295,200.0,131.40961877086295,-68.59038122913705,V5_joint,CalibratedJoint
169,169,169,1,6,9,0.0014601068752318105,131.40961877086295,200.0,131.40961877086295,-68.59038122913705,V5_joint,CalibratedJoint
170,170,170,1,7,0,0.0014601068752318105,131.40961877086295,200.0,131.40961877086295,-68.59038122913705,V5_joint,CalibratedJoint
171,171,171,1,7,1,0.0014601068752318105,131.40961877086295,200.0,131.40961877086295,-68.59038122913705,V5_joint,CalibratedJoint
174,174,174,1,7,4,0.0014601068752318105,131.40961877086295,200.0,131.40961877086295,-68.59038122913705,V5_joint,CalibratedJoint
175,175,175,1,7,5,0.0014601068752318105,131.40961877086295,200.0,131.40961877086295,-68.59038122913705,V5_joint,CalibratedJoint
178,178,178,1,7,8,0.0014601068752318105,131.40961877086295,200.0,131.40961877086295,-68.59038122913705,V5_joint,CalibratedJoint
179,179,179,1,7,9,0.0014601068752318105,131.40961877086295,200.0,131.40961877086295,-68.59038122913705,V5_joint,CalibratedJoint
180,180,180,1,8,0,0.0014601068752318105,131.40961877086295,200.0,131.40961877086295,-68.59038122913705,V5_joint,CalibratedJoint
183,183,183,1,8,3,0.0014601068752318105,131.40961877086295,200.0,131.40961877086295,-68.59038122913705,V5_joint,CalibratedJoint
184,184,184,1,8,4,0.0014601068752318105,131.40961877086295,200.0,131.40961877086295,-68.59038122913705,V5_joint,CalibratedJoint
140,140,140,1,4,0,0.0014601068752318105,131.40961877086295,200.0,131.40961877086295,-68.59038122913705,V5_joint,CalibratedJoint
144,144,144,1,4,4,0.0014601068752318105,131.40961877086295,200.0,131.40961877086295,-68.59038122913705,V5_joint,CalibratedJoint
145,145,145,1,4,5,0.0014601068752318105,131.40961877086295,200.0,131.40961877086295,-68.59038122913705,V5_joint,CalibratedJoint
147,147,147,1,4,7,0.0014601068752318105,131.40961877086295,200.0,131.40961877086295,-68.59038122913705,V5_joint,CalibratedJoint
148,148,148,1,4,8,0.0014601068752318105,131.40961877086295,200.0,131.40961877086295,-68.59038122913705,V5_joint,CalibratedJoint
151,151,151,1,5,1,0.0014601068752318105,131.40961877086295,200.0,131.40961877086295,-68.59038122913705,V5_joint,CalibratedJoint
153,153,153,1,5,3,0.0014601068752318105,131.40961877086295,200.0,131.40961877086295,-68.59038122913705,V5_joint,CalibratedJoint
154,154,154,1,5,4,0.0014601068752318105,131.40961877086295,200.0,131.40961877086295,-68.59038122913705,V5_joint,CalibratedJoint
156,156,156,1,5,6,0.0014601068752318105,131.40961877086295,200.0,131.40961877086295,-68.59038122913705,V5_joint,CalibratedJoint
158,158,158,1,5,8,0.0014601068752318105,131.40961877086295,200.0,131.40961877086295,-68.59038122913705,V5_joint,CalibratedJoint
160,160,160,1,6,0,0.0014601068752318105,131.40961877086295,200.0,131.40961877086295,-68.59038122913705,V5_joint,CalibratedJoint
161,161,161,1,6,1,0.0014601068752318105,131.40961877086295,200.0,131.40961877086295,-68.59038122913705,V5_joint,CalibratedJoint
965,965,965,9,6,5,0.0014601068752318105,131.40961877086295,200.0,131.40961877086295,-68.59038122913705,V5_joint,CalibratedJoint
967,967,967,9,6,7,0.0014601068752318105,131.40961877086295,200.0,131.40961877086295,-68.59038122913705,V5_joint,CalibratedJoint
968,968,968,9,6,8,0.0014601068752318105,131.40961877086295,200.0,131.40961877086295,-68.59038122913705,V5_joint,CalibratedJoint
970,970,970,9,7,0,0.0014601068752318105,131.40961877086295,200.0,131.40961877086295,-68.59038122913705,V5_joint,CalibratedJoint
971,971,971,9,7,1,0.0014601068752318105,131.40961877086295,200.0,131.40961877086295,-68.59038122913705,V5_joint,CalibratedJoint
974,974,974,9,7,4,0.0014601068752318105,131.40961877086295,200.0,131.40961877086295,-68.59038122913705,V5_joint,CalibratedJoint
975,975,975,9,7,5,0.0014601068752318105,131.40961877086295,200.0,131.40961877086295,-68.59038122913705,V5_joint,CalibratedJoint
979,979,979,9,7,9,0.0014601068752318105,131.40961877086295,200.0,131.40961877086295,-68.59038122913705,V5_joint,CalibratedJoint
981,981,981,9,8,1,0.0014601068752318105,131.40961877086295,200.0,131.40961877086295,-68.59038122913705,V5_joint,CalibratedJoint
983,983,983,9,8,3,0.0014601068752318105,131.40961877086295,200.0,131.40961877086295,-68.59038122913705,V5_joint,CalibratedJoint
984,984,984,9,8,4,0.0014601068752318105,131.40961877086295,200.0,131.40961877086295,-68.59038122913705,V5_joint,CalibratedJoint
985,985,985,9,8,5,0.0014601068752318105,131.40961877086295,200.0,131.40961877086295,-68.59038122913705,V5_joint,CalibratedJoint
000,0,0,0,0,0,0.0014601068752318105,131.40961877086295,200.0,131.40961877086295,-68.59038122913705,V5_joint,CalibratedJoint
034,34,34,0,3,4,0.0014601068752318105,131.40961877086295,200.0,131.40961877086295,-68.59038122913705,V5_joint,CalibratedJoint
035,35,35,0,3,5,0.0014601068752318105,131.40961877086295,200.0,131.40961877086295,-68.59038122913705,V5_joint,CalibratedJoint
041,41,41,0,4,1,0.0014601068752318105,131.40961877086295,200.0,131.40961877086295,-68.59038122913705,V5_joint,CalibratedJoint
042,42,42,0,4,2,0.0014601068752318105,131.40961877086295,200.0,131.40961877086295,-68.59038122913705,V5_joint,CalibratedJoint
043,43,43,0,4,3,0.0014601068752318105,131.40961877086295,200.0,131.40961877086295,-68.59038122913705,V5_joint,CalibratedJoint
044,44,44,0,4,4,0.0014601068752318105,131.40961877086295,200.0,131.40961877086295,-68.59038122913705,V5_joint,CalibratedJoint
941,941,941,9,4,1,0.0014601068752318105,131.40961877086295,200.0,131.40961877086295,-68.59038122913705,V5_joint,CalibratedJoint
943,943,943,9,4,3,0.0014601068752318105,131.40961877086295,200.0,131.40961877086295,-68.59038122913705,V5_joint,CalibratedJoint
944,944,944,9,4,4,0.0014601068752318105,131.40961877086295,200.0,131.40961877086295,-68.59038122913705,V5_joint,CalibratedJoint
945,945,945,9,4,5,0.0014601068752318105,131.40961877086295,200.0,131.40961877086295,-68.59038122913705,V5_joint,CalibratedJoint
947,947,947,9,4,7,0.0014601068752318105,131.40961877086295,200.0,131.40961877086295,-68.59038122913705,V5_joint,CalibratedJoint
949,949,949,9,4,9,0.0014601068752318105,131.40961877086295,200.0,131.40961877086295,-68.59038122913705,V5_joint,CalibratedJoint
023,23,23,0,2,3,0.0014601068752318105,131.40961877086295,200.0,131.40961877086295,-68.59038122913705,V5_joint,CalibratedJoint
988,988,988,9,8,8,0.0014601068752318105,131.40961877086295,200.0,131.40961877086295,-68.59038122913705,V5_joint,CalibratedJoint
995,995,995,9,9,5,0.0014601068752318105,131.40961877086295,200.0,131.40961877086295,-68.59038122913705,V5_joint,CalibratedJoint
997,997,997,9,9,7,0.0014601068752318105,131.40961877086295,200.0,131.40961877086295,-68.59038122913705,V5_joint,CalibratedJoint
951,951,951,9,5,1,0.0014601068752318105,131.40961877086295,200.0,131.40961877086295,-68.59038122913705,V5_joint,CalibratedJoint
953,953,953,9,5,3,0.0014601068752318105,131.40961877086295,200.0,131.40961877086295,-68.59038122913705,V5_joint,CalibratedJoint
162,162,162,1,6,2,0.0014601068752318105,131.40961877086295,200.0,131.40961877086295,-68.59038122913705,V5_joint,CalibratedJoint
118,118,118,1,1,8,0.0014601068752318105,131.40961877086295,200.0,131.40961877086295,-68.59038122913705,V5_joint,CalibratedJoint
119,119,119,1,1,9,0.0014601068752318105,131.40961877086295,200.0,131.40961877086295,-68.59038122913705,V5_joint,CalibratedJoint
123,123,123,1,2,3,0.0014601068752318105,131.40961877086295,200.0,131.40961877086295,-68.59038122913705,V5_joint,CalibratedJoint
124,124,124,1,2,4,0.0014601068752318105,131.40961877086295,200.0,131.40961877086295,-68.59038122913705,V5_joint,CalibratedJoint
125,125,125,1,2,5,0.0014601068752318105,131.40961877086295,200.0,131.40961877086295,-68.59038122913705,V5_joint,CalibratedJoint
126,126,126,1,2,6,0.0014601068752318105,131.40961877086295,200.0,131.40961877086295,-68.59038122913705,V5_joint,CalibratedJoint
127,127,127,1,2,7,0.0014601068752318105,131.40961877086295,200.0,131.40961877086295,-68.59038122913705,V5_joint,CalibratedJoint
137,137,137,1,3,7,0.0014601068752318105,131.40961877086295,200.0,131.40961877086295,-68.59038122913705,V5_joint,CalibratedJoint
130,130,130,1,3,0,0.0014601068752318105,131.40961877086295,200.0,131.40961877086295,-68.59038122913705,V5_joint,CalibratedJoint
134,134,134,1,3,4,0.0014601068752318105,131.40961877086295,200.0,131.40961877086295,-68.59038122913705,V5_joint,CalibratedJoint
136,136,136,1,3,6,0.0014601068752318105,131.40961877086295,200.0,131.40961877086295,-68.59038122913705,V5_joint,CalibratedJoint
993,993,993,9,9,3,0.0014601068752318105,131.40961877086295,200.0,131.40961877086295,-68.59038122913705,V5_joint,CalibratedJoint
623,623,623,6,2,3,0.0014597985992220396,131.38187392998356,200.0,131.38187392998356,-68.61812607001644,V5_joint,CalibratedJoint
486,486,486,4,8,6,0.0014564595766148054,131.0813618953325,200.0,131.0813618953325,-68.91863810466751,V5_joint,CalibratedJoint
843,843,843,8,4,3,0.0014558744180598324,131.02869762538492,200.0,131.02869762538492,-68.97130237461508,V5_joint,CalibratedJoint
796,796,796,7,9,6,0.0014544344393019994,130.89909953717995,200.0,130.89909953717995,-69.10090046282005,V5_joint,CalibratedJoint
100,100,100,1,0,0,0.0014534039934698973,130.80635941229076,200.0,130.80635941229076,-69.19364058770924,V5_joint,CalibratedJoint
973,973,973,9,7,3,0.0014528302793493527,130.75472514144175,200.0,130.75472514144175,-69.24527485855825,V5_joint,CalibratedJoint
827,827,827,8,2,7,0.0014507674661410593,130.56907195269534,200.0,130.56907195269534,-69.43092804730466,V5_joint,CalibratedJoint
108,108,108,1,0,8,0.0014482633769956296,130.34370392960668,200.0,130.34370392960668,-69.65629607039332,V5_joint,CalibratedJoint
948,948,948,9,4,8,0.001448172712404091,130.3355441163682,200.0,130.3355441163682,-69.6644558836318,V5_joint,CalibratedJoint
204,204,204,2,0,4,0.001447256811094765,130.25311299852885,200.0,130.25311299852885,-69.74688700147115,V5_joint,CalibratedJoint
069,69,69,0,6,9,0.0014471384149931318,130.24245734938185,200.0,130.24245734938185,-69.75754265061815,V5_joint,CalibratedJoint
611,611,611,6,1,1,0.0014449023567968467,130.0412121117162,200.0,130.0412121117162,-69.95878788828381,V5_joint,CalibratedJoint
440,440,440,4,4,0,0.001443946860640427,129.95521745763844,200.0,129.95521745763844,-70.04478254236156,V5_joint,CalibratedJoint
657,657,657,6,5,7,0.001441803594587764,129.76232351289875,200.0,129.76232351289875,-70.23767648710125,V5_joint,CalibratedJoint
040,40,40,0,4,0,0.001440091032923692,129.6081929631323,200.0,129.6081929631323,-70.3918070368677,V5_joint,CalibratedJoint
800,800,800,8,0,0,0.0014382390196904268,129.44151177213843,200.0,129.44151177213843,-70.55848822786157,V5_joint,CalibratedJoint
055,55,55,0,5,5,0.0014370398139302927,129.33358325372635,200.0,129.33358325372635,-70.66641674627365,V5_joint,CalibratedJoint
150,150,150,1,5,0,0.0014301968262722506,128.71771436450254,200.0,128.71771436450254,-71.28228563549746,V5_joint,CalibratedJoint
411,411,411,4,1,1,0.0014283668609192373,128.55301748273135,200.0,128.55301748273135,-71.44698251726865,V5_joint,CalibratedJoint
776,776,776,7,7,6,0.0014283533828143324,128.55180445328992,200.0,128.55180445328992,-71.44819554671008,V5_joint,CalibratedJoint
515,515,515,5,1,5,0.001426360378038609,128.37243402347482,200.0,128.37243402347482,-71.62756597652518,V5_joint,CalibratedJoint
131,131,131,1,3,1,0.0014231126352323039,128.08013717090734,200.0,128.08013717090734,-71.91986282909266,V5_joint,CalibratedJoint
227,227,227,2,2,7,0.0014155335212198174,127.39801690978356,200.0,127.39801690978356,-72.60198309021644,V5_joint,CalibratedJoint
725,725,725,7,2,5,0.001414382946801934,127.29446521217406,200.0,127.29446521217406,-72.70553478782594,V5_joint,CalibratedJoint
578,578,578,5,7,8,0.0014128716326474822,127.1584469382734,200.0,127.1584469382734,-72.8415530617266,V5_joint,CalibratedJoint
898,898,898,8,9,8,0.0014127321178026171,127.14589060223554,200.0,127.14589060223554,-72.85410939776446,V5_joint,CalibratedJoint
149,149,149,1,4,9,0.0014097729474750688,126.8795652727562,200.0,126.8795652727562,-73.1204347272438,V5_joint,CalibratedJoint
472,472,472,4,7,2,0.001409542223291966,126.85880009627694,200.0,126.85880009627694,-73.14119990372306,V5_joint,CalibratedJoint
564,564,564,5,6,4,0.0014056847011607453,126.51162310446708,200.0,126.51162310446708,-73.48837689553292,V5_joint,CalibratedJoint
046,46,46,0,4,6,0.0014006436052179108,126.05792446961196,200.0,126.05792446961196,-73.94207553038804,V5_joint,CalibratedJoint
656,656,656,6,5,6,0.0013973755054489925,125.76379549040932,200.0,125.76379549040932,-74.23620450959068,V5_joint,CalibratedJoint
372,372,372,3,7,2,0.0013889898010328772,125.00908209295895,200.0,125.00908209295895,-74.99091790704105,V5_joint,CalibratedJoint
806,806,806,8,0,6,0.0013884683249086745,124.96214924178071,200.0,124.96214924178071,-75.03785075821929,V5_joint,CalibratedJoint
752,752,752,7,5,2,0.001388005098184767,124.92045883662904,200.0,124.92045883662904,-75.07954116337096,V5_joint,CalibratedJoint
133,133,133,1,3,3,0.0013832783021916284,124.49504719724656,200.0,124.49504719724656,-75.50495280275344,V5_joint,CalibratedJoint
278,278,278,2,7,8,0.0013830265576321571,124.47239018689415,200.0,124.47239018689415,-75.52760981310585,V5_joint,CalibratedJoint
355,355,355,3,5,5,0.0013829191216265407,124.46272094638866,200.0,124.46272094638866,-75.53727905361134,V5_joint,CalibratedJoint
423,423,423,4,2,3,0.001381795559260045,124.36160033340406,200.0,124.36160033340406,-75.63839966659594,V5_joint,CalibratedJoint
636,636,636,6,3,6,0.0013816687809020565,124.35019028118509,200.0,124.35019028118509,-75.64980971881491,V5_joint,CalibratedJoint
672,672,672,6,7,2,0.0013808994025370747,124.28094622833673,200.0,124.28094622833673,-75.71905377166327,V5_joint,CalibratedJoint
770,770,770,7,7,0,0.00138027743177846,124.22496886006141,200.0,124.22496886006141,-75.77503113993859,V5_joint,CalibratedJoint
801,801,801,8,0,1,0.0013721623953221716,123.49461557899545,200.0,123.49461557899545,-76.50538442100455,V5_joint,CalibratedJoint
549,549,549,5,4,9,0.001370503267570753,123.34529408136777,200.0,123.34529408136777,-76.65470591863223,V5_joint,CalibratedJoint
878,878,878,8,7,8,0.001366678475999878,123.00106283998902,200.0,123.00106283998902,-76.99893716001098,V5_joint,CalibratedJoint
574,574,574,5,7,4,0.0013646829276200776,122.82146348580699,200.0,122.82146348580699,-77.17853651419301,V5_joint,CalibratedJoint
548,548,548,5,4,8,0.0013601924797494662,122.41732317745195,200.0,122.41732317745195,-77.58267682254805,V5_joint,CalibratedJoint
229,229,229,2,2,9,0.001357435614698281,122.16920532284529,200.0,122.16920532284529,-77.83079467715471,V5_joint,CalibratedJoint
808,808,808,8,0,8,0.0013514936332792173,121.63442699512956,200.0,121.63442699512956,-78.36557300487044,V5_joint,CalibratedJoint
458,458,458,4,5,8,0.0013436071112677193,120.92464001409473,200.0,120.92464001409473,-79.07535998590527,V5_joint,CalibratedJoint
959,959,959,9,5,9,0.001332962983124307,119.96666848118764,200.0,119.96666848118764,-80.03333151881236,V5_joint,CalibratedJoint
294,294,294,2,9,4,0.0013227615084833752,119.04853576350376,200.0,119.04853576350376,-80.95146423649624,V5_joint,CalibratedJoint
238,238,238,2,3,8,0.0012983522000205412,116.8516980018487,200.0,116.8516980018487,-83.1483019981513,V5_joint,CalibratedJoint
146,146,146,1,4,6,0.0012964770418248752,116.68293376423877,200.0,116.68293376423877,-83.31706623576123,V5_joint,CalibratedJoint
049,49,49,0,4,9,0.0012939906052555775,116.45915447300197,200.0,116.45915447300197,-83.54084552699803,V5_joint,CalibratedJoint
462,462,462,4,6,2,0.001290478041563569,116.14302374072122,200.0,116.14302374072122,-83.85697625927878,V5_joint,CalibratedJoint
186,186,186,1,8,6,0.0012856335355880967,115.7070182029287,200.0,115.7070182029287,-84.2929817970713,V5_joint,CalibratedJoint
695,695,695,6,9,5,0.0012710253122578863,114.39227810320976,200.0,114.39227810320976,-85.60772189679024,V5_joint,CalibratedJoint
946,946,946,9,4,6,0.0012477955127446138,112.30159614701525,200.0,112.30159614701525,-87.69840385298475,V5_joint,CalibratedJoint
671,671,671,6,7,1,0.0011937053971237022,107.4334857411332,200.0,107.4334857411332,-92.5665142588668,V5_joint,CalibratedJoint
